item_id,name,material_id,brand_name,tb_price,our_price,zk_final_price,reserve_price,final_promotion_price,predict_rounding_up_price,shop_name,title,sub_title,short_title,image_url,click_url,annual_vol,level_one_category_id,level_one_category_name,tk_total_sales,coupon_url,has_full_reduction,full_reduction_coupon_set,full_reduction_coupon_fee0,full_reduction_coupon_desc0,full_reduction_coupon_type0,full_reduction_coupon_src_scene0,full_reduction_coupon_fee1,full_reduction_coupon_desc1,full_reduction_coupon_type1,full_reduction_coupon_src_scene1,has_alimama_reduction,alimama_coupon_set,alimama_coupon_fee0,alimama_coupon_desc0,alimama_coupon_type0,alimama_coupon_src_scene0,alimama_coupon_fee1,alimama_coupon_desc1,alimama_coupon_type1,alimama_coupon_src_scene1,has_open_reduction,open_coupon_set,open_coupon_fee0,open_coupon_desc0,open_coupon_type0,open_coupon_src_scene0,open_coupon_fee1,open_coupon_desc1,open_coupon_type1,open_coupon_src_scene1
a70Jjj9fotMrOBRd4AhD7qhjty-3YYyygVCkqx7g0a8cqy,防晒袖套冰袖蕉下长款,86620,蕉下,49,44,49,49.00,44,,蕉下官方旗舰店,蕉下冰袖AL37824男女凉感防晒袖套开车防紫外线户外骑行防晒护袖,户外防晒 UPF50+ 多部位防晒防滑不脱落,防晒袖套冰袖蕉下长款,http://img.alicdn.com/bao/uploaded/i2/1652864050/O1CN01FytVsJ1fmx2AuojmG_!!1652864050.jpg,29￥ CZ8908 K1Jf3ZWs23K￥ https://m.tb.cn/h.gh7M48L  蕉下冰袖AL37824男女凉感防晒袖套开车防紫外线户外骑行防晒护袖,20万+,50010404,服饰配件/皮带/帽子/围巾,,89￥ CZ0016 VlkE3ZWryqC￥ https://m.tb.cn/h.gh7MmxO  蕉下冰袖AL37824男女凉感防晒袖套开车防紫外线户外骑行防晒护袖,否,,,,,,,,,,是,,5,满49减5,单品券,妈妈渠道券,,,,,否,,,,,,,,,
Ygb5ppZfptXrbdMO8qcaB4f2t6-Vqq55XZipaZj8keKHzp,小型铝框万向轮学生28寸拉杆箱,86620,CARTELO/卡帝乐鳄鱼,88.0,88,158,1099.00,88,72.2,卡帝乐鳄鱼宏丰专卖店,旅行箱行李箱铝框20拉杆箱万向轮24女男学生26登机密码皮箱子28寸,全国正常发货 官方正品 终身质保,小型铝框万向轮学生28寸拉杆箱,http://img.alicdn.com/bao/uploaded/i1/3010327687/O1CN01MLNTPI26ehW2zYyuK_!!0-item_pic.jpg,69￥ MF7997 4DBw3ZWsRvE￥ https://m.tb.cn/h.gh7MIgG  旅行箱行李箱铝框20拉杆箱万向轮24女男学生26登机密码皮箱子28寸,30万+,50006842,箱包皮具/热销女包/男包,,29￥ CZ3452 5YGe3ZWrKgd￥ https://m.tb.cn/h.gh7o9rz  旅行箱行李箱铝框20拉杆箱万向轮24女男学生26登机密码皮箱子28寸,是,,,每200减20,,,,,,,是,,,满98减30,单品券,妈妈渠道券,,,,,是,,,满99减11,单品券,全网公开券,,满229减80,单品券,全网公开券
NM4zBBqi5tGQ9d3baJC72NcRtB-Obb88dZSZ0P03bADi8X,蕉下防晒面罩脸基尼夏季遮阳女,86620,蕉下,115,110,115,115.00,110,,蕉下官方旗舰店,蕉下脸基尼AL333防晒面罩全脸防晒口罩防紫外线冰丝遮阳脸罩春夏,UPF50+，有效阻隔紫外线&ge;98%，全脸防晒,蕉下防晒面罩脸基尼夏季遮阳女,http://img.alicdn.com/bao/uploaded/i4/1652864050/O1CN01LC9Wpx1fmx26zjXqv_!!1652864050.jpg,38￥ MF3543 gMyn3ZWIZXG￥ https://m.tb.cn/h.g6sPR1o  蕉下脸基尼AL333防晒面罩全脸防晒口罩防紫外线冰丝遮阳脸罩春夏,20万+,50010404,服饰配件/皮带/帽子/围巾,,89￥ CZ3460 15EF3ZWIKc5￥ https://m.tb.cn/h.g6hjgks  蕉下脸基尼AL333防晒面罩全脸防晒口罩防紫外线冰丝遮阳脸罩春夏,否,,,,,,,,,,是,,5,满49减5,单品券,妈妈渠道券,,,,,否,,,,,,,,,
4NGjrr4FgtNoBnZeQbi70VtNtg-Vqq55XZipqnv2bbYtgp,开车防晒手套蕉下全指,86620,蕉下,69,64,69,69.00,64,,蕉下官方旗舰店,蕉下防晒手套AL36024短款开车女士户外防紫外线全指防滑透气骑行,不闷热更透气 手掌处防滑 亦可操作电子设备,开车防晒手套蕉下全指,http://img.alicdn.com/bao/uploaded/i3/1652864050/O1CN01tp7SCB1fmx2EK1WSX_!!1652864050.jpg,29￥ HU0854 AQMK3ZWIjMB￥ https://m.tb.cn/h.gTzIAb4  蕉下防晒手套AL36024短款开车女士户外防紫外线全指防滑透气骑行,10万+,50010404,服饰配件/皮带/帽子/围巾,,99￥ CZ0012 x4xf3ZWsWO4￥ https://m.tb.cn/h.gTzH9FO  蕉下防晒手套AL36024短款开车女士户外防紫外线全指防滑透气骑行,否,,,,,,,,,,是,,5,满49减5,单品券,妈妈渠道券,,,,,否,,,,,,,,,
PboweeAt3t6pW5NzDmuVjZCPt6-Q7755dZTbnD6dmRVhbb,开车防晒口罩vvc透气女,86620,vvc,36,19,36,55.00,19,,VVC 旗舰店,VVC防晒口罩女士面罩开车防风夏季3d男士骑行护眼角透气防紫外线,专业防晒UPF50+ 露鼻设计 畅快呼吸,开车防晒口罩vvc透气女,http://img.alicdn.com/bao/uploaded/i3/3697853843/O1CN010OM95d1eG907h42Ca_!!0-item_pic.jpg,39￥ MF6563 egqm3ZWrG1N￥ https://m.tb.cn/h.g6hRGuP  VVC防晒口罩女士面罩开车防风夏季3d男士骑行护眼角透气防紫外线,5万+,50010404,服饰配件/皮带/帽子/围巾,,28￥ CZ3452 rcnL3ZWrRrt￥ https://m.tb.cn/h.g6hRDa5  VVC防晒口罩女士面罩开车防风夏季3d男士骑行护眼角透气防紫外线,否,,,,,,,,,,是,,17,满36减17,单品券,妈妈渠道券,,,,,是,,,满65减15,单品券,全网公开券,,满36减7,单品券,全网公开券
KMVjkkjf3to8vDRGM9HpvetJtW-KAA773ZHwPD4PAjWU3,女夏外平底人字拖hotmarzz,86620,hotmarzz/黑玛,29.9,28.9,29.9,49.00,28.9,27.9,hotmarzz旗舰店,人字拖女夏外穿黑色夹脚拖鞋防滑浴室洗澡沙滩海边夹板夹趾游泳凉,经典款式,女夏外平底人字拖hotmarzz,http://img.alicdn.com/bao/uploaded/i3/1706278919/O1CN01buwkqw2FkxLolJAvF_!!0-item_pic.jpg,69￥ CZ3460 hrdY3ZWrNE4￥ https://m.tb.cn/h.g6slNdB  人字拖女夏外穿黑色夹脚拖鞋防滑浴室洗澡沙滩海边夹板夹趾游泳凉,10万+,50006843,女鞋,,98￥ MF1643 lcm43ZWsRYL￥ https://m.tb.cn/h.gh7obz6  人字拖女夏外穿黑色夹脚拖鞋防滑浴室洗澡沙滩海边夹板夹趾游泳凉,是,,,每200减20,,,,,,,是,,1,满27减1,店铺券,妈妈渠道券,,满35减4,店铺券,妈妈渠道券,否,,,,,,,,,
6WeZvvqH8tG72APQkjCrGjHot3-yGG99DpCm7X5bRvVHyg,蕉下防晒手套夏季长短款薄全指,86620,蕉下,89,84,89,89.00,84,,蕉下官方旗舰店,蕉下长款防晒手套AL36124防紫外线袖套春夏开车骑车透气女款手袖,舒适更显瘦 UPF50+ 轻薄透气,蕉下防晒手套夏季长短款薄全指,http://img.alicdn.com/bao/uploaded/i4/1652864050/O1CN01Itn4OK1fmx2EK40Jt_!!1652864050.jpg,07￥ CZ0002 kwyx3ZWISWY￥ https://m.tb.cn/h.gh7oinZ  蕉下长款防晒手套AL36124防紫外线袖套春夏开车骑车透气女款手袖,6万+,50010404,服饰配件/皮带/帽子/围巾,,87￥ CZ0016 EKN53ZWsfeJ￥ https://m.tb.cn/h.gh7M9tI  蕉下长款防晒手套AL36124防紫外线袖套春夏开车骑车透气女款手袖,否,,,,,,,,,,是,,5,满49减5,单品券,妈妈渠道券,,,,,否,,,,,,,,,
6WeZvv5t8tG72APQkjCrRdUot3-g66JJjyu2MeVdDG2SG5,雪糕防晒袖套蕉下长款男,86620,蕉下,69,64,69,69.00,64,,蕉下官方旗舰店,蕉下撞色冰袖AL36824高倍防晒开车防紫外线户外袖套护臂亲肤手袖,紫外线阻隔99%+  全手臂塑型防晒 轻薄透气,雪糕防晒袖套蕉下长款男,http://img.alicdn.com/bao/uploaded/i3/1652864050/O1CN01dJ0NqQ1fmx2BktEQP_!!1652864050.jpg,28￥ CZ3452 Q1EI3ZWrqvv￥ https://m.tb.cn/h.g6h8BuG  蕉下撞色冰袖AL36824高倍防晒开车防紫外线户外袖套护臂亲肤手袖,6万+,50010404,服饰配件/皮带/帽子/围巾,,27￥ HU0854 9UiJ3ZWsdkm￥ https://m.tb.cn/h.g6sPk46  蕉下撞色冰袖AL36824高倍防晒开车防紫外线户外袖套护臂亲肤手袖,否,,,,,,,,,,是,,5,满49减5,单品券,妈妈渠道券,,,,,否,,,,,,,,,
nKavPPkiMt3qomJ6MQFNxVC0tP-MxxMMdZu4kJxPeV4fRB,海昌洗眼液眼部清洗液缓解眼疲劳,86620,,49.9,19.9,49.9,99.80,19.9,,海昌家居旗舰店,海昌洗眼液眼部清洗液温和洗眼水清洁眼部护理液清洗眼睛水正品,,海昌洗眼液眼部清洗液缓解眼疲劳,http://img.alicdn.com/bao/uploaded/i3/2208900509678/O1CN01ejJmQZ2LMa5i5HuoZ_!!0-item_pic.jpg,78￥ CZ0002 uVBg3ZWsZJy￥ https://m.tb.cn/h.gTzHipl  海昌洗眼液眼部清洗液温和洗眼水清洁眼部护理液清洗眼睛水正品,2万+,28,ZIPPO/瑞士军刀/眼镜,,28￥ MF7997 zqUc3ZWIXog￥ https://m.tb.cn/h.gTzsTGX  海昌洗眼液眼部清洗液温和洗眼水清洁眼部护理液清洗眼睛水正品,否,,,,,,,,,,是,,30,满49减30,单品券,妈妈渠道券,,,,,是,,,满11减10,店铺券,全网公开券,,满49减20,单品券,全网公开券
Ygb5ppqSptXrbdMO8qcaQOC2t6-GwwaaVZSqxJNB2ROC9,蕉下防晒袖套薄款长短塑形户外,86620,蕉下,39.0,39,49,49.00,39,24,蕉下官方旗舰店,蕉下女士防晒袖套ES37024塑形凉感透气女防紫外线开车骑行亲肤,高弹更显瘦 不闷热更透气 多种颜色可选,蕉下防晒袖套薄款长短塑形户外,http://img.alicdn.com/bao/uploaded/i2/1652864050/O1CN01EbNKxK1fmx2DYNfLd_!!1652864050.jpg,77￥ CZ3460 XqnL3ZWrNnH￥ https://m.tb.cn/h.g6sPNiR  蕉下女士防晒袖套ES37024塑形凉感透气女防紫外线开车骑行亲肤,3万+,50010404,服饰配件/皮带/帽子/围巾,,97￥ CZ8908 OPIt3ZWINpy￥ https://m.tb.cn/h.gh7MdTB  蕉下女士防晒袖套ES37024塑形凉感透气女防紫外线开车骑行亲肤,否,,,,,,,,,,是,,,满98减50,单品券,妈妈渠道券,,,,,是,,10,满49减10,单品券,全网公开券,,,,
DvqjRR8FDt5vPgBobpIOnJsjtn-MxxMMdZu485YGv7RFX,鸿星尔克男士轻便软底爸爸运动鞋,86620,erke/鸿星尔克,139,119,139,239.00,119,,鸿星尔克官方旗舰店,鸿星尔克运动鞋2024新款夏季男鞋网面透气跑步鞋黑色运动鞋子男款,网面舒适 减震轻便,鸿星尔克男士轻便软底爸爸运动鞋,http://img.alicdn.com/bao/uploaded/i2/349740505/O1CN01sfUDZu1FbKywPKR5y_!!349740505.jpg,69￥ CZ0000 ptfg3ZWsigj￥ https://m.tb.cn/h.gTzsdi8  鸿星尔克运动鞋2024新款夏季男鞋网面透气跑步鞋黑色运动鞋子男款,20万+,50012029,运动鞋new,,59￥ CZ0016 vsLc3ZWIt7H￥ https://m.tb.cn/h.gTzsAYP  鸿星尔克运动鞋2024新款夏季男鞋网面透气跑步鞋黑色运动鞋子男款,否,,,,,,,,,,是,,20,满69减20,单品券,妈妈渠道券,,,,,是,,,满459减50,店铺券,全网公开券,,满239减20,店铺券,全网公开券
KMVjkr9c3to8vDRGM9HpjVCJtW-0YY66gdCNv34aMQDuxz,乔丹凌动科技减震舒适透气跑步鞋,86620,乔丹,159,119,159,259.00,119,,乔丹官方旗舰店,乔丹运动鞋男鞋夏季网面透气跑步鞋减震轻便防滑跑鞋官方正品黑色,,乔丹凌动科技减震舒适透气跑步鞋,http://img.alicdn.com/bao/uploaded/i3/458694874/O1CN01VOIXFb1lsLORpFcUv_!!458694874.jpg,29￥ CZ3456 fUrj3ZWIDph￥ https://m.tb.cn/h.g6hjgPy  乔丹运动鞋男鞋夏季网面透气跑步鞋减震轻便防滑跑鞋官方正品黑色,10万+,50012029,运动鞋new,,97￥ ZH4920 U9en3ZWIgat￥ https://m.tb.cn/h.gh7MukV  乔丹运动鞋男鞋夏季网面透气跑步鞋减震轻便防滑跑鞋官方正品黑色,否,,,,,,,,,,是,,40,满79减40,单品券,妈妈渠道券,,满169减40,单品券,妈妈渠道券,是,,,满200减20,店铺券,全网公开券,,满100减5,店铺券,全网公开券
KMVjkrQI3to8vDRGM9HpgZtJtW-0YY66gdCNpmGVk7gcx0,ohsunny凉感露指可触屏防晒手套,86620,OhSunny,62,50,62,138.00,50,,ohsunny官方旗舰店,ohsunny凉感防晒手套户外防紫外线透气防滑可触屏开车遮阳原纱,可触屏  UPF50+ 有效遮蔽99%以上紫外线,ohsunny凉感露指可触屏防晒手套,http://img.alicdn.com/bao/uploaded/i2/3351172141/O1CN01tnguaw1RgcvMxqmPX_!!0-item_pic.jpg,58￥ CZ0015 KRBq3ZWs8LZ￥ https://m.tb.cn/h.gh7o9sf  ohsunny凉感防晒手套户外防紫外线透气防滑可触屏开车遮阳原纱,3万+,50010404,服饰配件/皮带/帽子/围巾,,38￥ CZ8908 MLTF3ZWrmGM￥ https://m.tb.cn/h.gh7omyw  ohsunny凉感防晒手套户外防紫外线透气防滑可触屏开车遮阳原纱,否,,,,,,,,,,是,,12,满62减12,单品券,妈妈渠道券,,,,,否,,,,,,,,,
G3Qj5rXf8tYa308gBxFPB5UQtJ-DYYKKrZCpbBn84K9cOz,匹克态极新款防滑家居运动拖鞋,86620,Peak/匹克,169,139,169,169.00,139,,匹克官方旗舰店,匹克态极拖鞋男夏季男士运动恢复外穿篮球防滑凉拖女款户外沙滩鞋,态极自适应智能科技,匹克态极新款防滑家居运动拖鞋,http://img.alicdn.com/bao/uploaded/i4/94504595/O1CN01kMvfyb1joYtFdDNvc-94504595.jpg,78￥ CZ3460 DSlG3ZWsSsa￥ https://m.tb.cn/h.g6slN3d  匹克态极拖鞋男夏季男士运动恢复外穿篮球防滑凉拖女款户外沙滩鞋,10万+,50012029,运动鞋new,,28￥ ZH4920 nBAa3ZWsUfC￥ https://m.tb.cn/h.g6h8wKH  匹克态极拖鞋男夏季男士运动恢复外穿篮球防滑凉拖女款户外沙滩鞋,否,,,,,,,,,,是,,30,满99减30,单品券,妈妈渠道券,,,,,是,,,满300减50,店铺券,全网公开券,,满99减10,店铺券,全网公开券
AvPjqK8tzt4OPqmVrATJGbUvtn-qGGzzD2CrvNG4QobHM,艾灸点火器防风打火机点艾、雪茄,86620,LEHMAN/雷曼,15.8,13.8,15.8,30.00,13.8,,奇蚁卖场旗舰店,防风打火机充气点火器雪茄点香点艾灸艾条专用焊枪喷枪火棒长手柄,创意高温防风打火机  点香艾灸雪茄烧烤火机,艾灸点火器防风打火机点艾、雪茄,http://img.alicdn.com/bao/uploaded/i1/730276480/O1CN01fhwIHt1xjtRZuV8wn_!!0-item_pic.jpg,98￥ CZ3456 SiZf3ZWshj7￥ https://m.tb.cn/h.g6sPNR3  防风打火机充气点火器雪茄点香点艾灸艾条专用焊枪喷枪火棒长手柄,20万+,28,ZIPPO/瑞士军刀/眼镜,,07￥ CZ3452 tdQQ3ZWs11l￥ https://m.tb.cn/h.g6sPRXe  防风打火机充气点火器雪茄点香点艾灸艾条专用焊枪喷枪火棒长手柄,是,,,每200减20,,,,,,,是,,2,满14减2,单品券,妈妈渠道券,,,,,否,,,,,,,,,
nKavP2gHMt3qomJ6MQFNjQH0tP-8YYnn6oC0MRkGp7ACq2,361运动鞋新款轻便软底跳绳鞋女,86620,361°,179,118,179,279.00,118,,361度官方旗舰店,361女鞋运动鞋2024夏季新款轻便跑步鞋网面透气跑鞋软底跳绳鞋,NFO软弹科技，澎湃脚感,361运动鞋新款轻便软底跳绳鞋女,http://img.alicdn.com/bao/uploaded/i2/363607599/O1CN01x2Ol3t260OfiJe4gk-363607599.jpg,59￥ MF1643 imwh3ZWIk9F￥ https://m.tb.cn/h.gh7oI6k  361女鞋运动鞋2024夏季新款轻便跑步鞋网面透气跑鞋软底跳绳鞋,10万+,50012029,运动鞋new,,99￥ CZ0012 qf0O3ZWIAL5￥ https://m.tb.cn/h.g6sPAeO  361女鞋运动鞋2024夏季新款轻便跑步鞋网面透气跑鞋软底跳绳鞋,否,,,,,,,,,,是,,60,满179减60,单品券,妈妈渠道券,,,,,是,,,满300减30,店铺券,全网公开券,,满119减50,单品券,全网公开券
bwJQ3dVFgtoMxwQv20HN63tQt6-daaJJyrHpdkGA4r9hk,空军一号情侣鞋运动鞋透气板鞋女,86620,361°,159,108,159,249.00,108,,361度官方旗舰店,361小白鞋女鞋2024夏季新款鞋子空军一号情侣鞋运动鞋透气板鞋男,情侣空军一号小白鞋,空军一号情侣鞋运动鞋透气板鞋女,http://img.alicdn.com/bao/uploaded/i2/363607599/O1CN01m0wqbT260Ofob3hfM_!!0-item_pic.jpg,79￥ CZ0002 iosf3ZWIIaP￥ https://m.tb.cn/h.g6h8rL2  361小白鞋女鞋2024夏季新款鞋子空军一号情侣鞋运动鞋透气板鞋男,9万+,50012029,运动鞋new,,18￥ ZH4920 BxmI3ZWIFPi￥ https://m.tb.cn/h.gTzIxY5  361小白鞋女鞋2024夏季新款鞋子空军一号情侣鞋运动鞋透气板鞋男,否,,,,,,,,,,是,,50,满159减50,单品券,妈妈渠道券,,,,,是,,,满89减40,单品券,全网公开券,,满300减30,店铺券,全网公开券
eN9B02WtDtdbYVPnmAfXYgizt0-Q7755dZTw6qazVw8fn,361运动鞋新款网面轻便跑步鞋,86620,361°,139,99,139,239.00,99,,361度官方旗舰店,361运动鞋男鞋2024夏季软底跑鞋网面透气休闲鞋子减震跑步鞋男款,热销爆款 月销过万,361运动鞋新款网面轻便跑步鞋,http://img.alicdn.com/bao/uploaded/i2/363607599/O1CN01Qj2zck260Ofk57PZg_!!0-item_pic.jpg,09￥ ZH4920 4Rzm3ZWIl5K￥ https://m.tb.cn/h.gh7M49i  361运动鞋男鞋2024夏季软底跑鞋网面透气休闲鞋子减震跑步鞋男款,10万+,50012029,运动鞋new,,78￥ HU0854 5zlT3ZWsXqn￥ https://m.tb.cn/h.g6hjgOg  361运动鞋男鞋2024夏季软底跑鞋网面透气休闲鞋子减震跑步鞋男款,否,,,,,,,,,,是,,40,满139减40,单品券,妈妈渠道券,,,,,是,,,满49减30,单品券,全网公开券,,满300减30,店铺券,全网公开券
zjkvnpvheta46dm2XwtYWJhdt4-booDDB5fGvjpKPXNHo,斯凯奇泡泡鞋厚底踩屎感洞洞鞋,86620,Skechers/斯凯奇,329,279,329,449.00,279,265.05,skechers官方旗舰店,Skechers斯凯奇泡泡鞋女鞋洞洞鞋包头拖鞋厚底增高踩屎感外穿凉鞋,休闲凉拖鞋，满足时尚休闲搭配,斯凯奇泡泡鞋厚底踩屎感洞洞鞋,http://img.alicdn.com/bao/uploaded/i4/783329018/O1CN016aDmCi2GUIgsENA9p_!!0-item_pic.jpg,77￥ CZ8908 iddk3ZWsVxM￥ https://m.tb.cn/h.gh7nIiX  Skechers斯凯奇泡泡鞋女鞋洞洞鞋包头拖鞋厚底增高踩屎感外穿凉鞋,2万+,50006843,女鞋,,79￥ HU7632 rxmS3ZWIsFW￥ https://m.tb.cn/h.gh7oiMy  Skechers斯凯奇泡泡鞋女鞋洞洞鞋包头拖鞋厚底增高踩屎感外穿凉鞋,否,,,,,,,,,,是,,,满600减100,店铺券,妈妈渠道券,50,满300减50,店铺券,妈妈渠道券,是,,,满300减50,店铺券,全网公开券,,满600减100,店铺券,全网公开券
4NGjrpKcgtNoBnZeQbi7DrCNtg-XJJ550Zc04PxznWpfX,Ohsunny春夏户外大檐防晒蛋糕帽,86620,OhSunny,138,108,138,168.00,108,,ohsunny官方旗舰店,ohsunny防晒帽子女春夏户外太阳帽防紫外线遮阳空顶大檐蛋糕帽,UPF50+ 帽檐强遮光 有效遮敝99%以上紫外线,Ohsunny春夏户外大檐防晒蛋糕帽,http://img.alicdn.com/bao/uploaded/i2/3351172141/O1CN01T3LBMP1RgctU9Qla6_!!0-item_pic.jpg,29￥ CZ0001 SFrT3ZWrAbd￥ https://m.tb.cn/h.gTzsTuG  ohsunny防晒帽子女春夏户外太阳帽防紫外线遮阳空顶大檐蛋糕帽,4万+,50010404,服饰配件/皮带/帽子/围巾,,29￥ HU0025 9lRa3ZWse1z￥ https://m.tb.cn/h.g6skx09  ohsunny防晒帽子女春夏户外太阳帽防紫外线遮阳空顶大檐蛋糕帽,否,,,,,,,,,,是,,30,满138减30,单品券,妈妈渠道券,,,,,否,,,,,,,,,
xXavZwqIktqz0Q3mNKfWoQUAt9-xGGjjDeCOBoZW6Y0hB,鸿星尔克防晒口罩遮阳冰丝面罩,86620,erke/鸿星尔克,28.9,15.9,28.9,68.00,15.9,,鸿星尔克鹏景专卖店,鸿星尔克腮红防晒面罩女遮阳全脸防紫外线冰丝口罩夏户外骑行开车,,鸿星尔克防晒口罩遮阳冰丝面罩,http://img.alicdn.com/bao/uploaded/i1/2212740014701/O1CN01Y354uq1kb6fLzwmFv_!!0-item_pic.jpg,57￥ MF6563 uDML3ZWsZrU￥ https://m.tb.cn/h.g6sPAVX  鸿星尔克腮红防晒面罩女遮阳全脸防紫外线冰丝口罩夏户外骑行开车,3万+,50010404,服饰配件/皮带/帽子/围巾,,09￥ CZ8908 zrmd3ZWscXC￥ https://m.tb.cn/h.g6sPpMy  鸿星尔克腮红防晒面罩女遮阳全脸防紫外线冰丝口罩夏户外骑行开车,否,,,,,,,,,,是,,13,满15减13,单品券,妈妈渠道券,,,,,是,,,满198减20,店铺券,全网公开券,,满10减5,店铺券,全网公开券
mnavQ8khktJVdAX4mkTqJ3Uot3-GwwaaVZSrV9VG4PncN,CECE2024新款行铝框大容量行李箱,86620,cece（箱包）,458.0,358,498,798.00,358,330.79,cece旗舰店,CECE2024新款行李箱女大容量加厚铝框旅行箱男学生拉杆密码皮箱子,坚固 耐用 铝合金下沉框设计 TSA海关密码锁,CECE2024新款行铝框大容量行李箱,http://img.alicdn.com/bao/uploaded/i4/2200840029961/O1CN01CJMibA2NSC0CXwHBt_!!0-item_pic.jpg,39￥ CZ8908 ktww3ZWsK3P￥ https://m.tb.cn/h.g6sldoT  CECE2024新款行李箱女大容量加厚铝框旅行箱男学生拉杆密码皮箱子,10万+,50006842,箱包皮具/热销女包/男包,,99￥ MF1643 27dz3ZWISKF￥ https://m.tb.cn/h.gTzH9w5  CECE2024新款行李箱女大容量加厚铝框旅行箱男学生拉杆密码皮箱子,是,,40,每200减20,,,,,,,是,,100,满300减100,店铺券,妈妈渠道券,,,,,是,,,满300减100,店铺券,全网公开券,,,,
6WeZvABT8tG72APQkjCrRGSot3-AYYoobZCKZJBy0O9fN,361网面跑鞋轻便休闲跑步鞋,86620,361°,159,119,159,229.00,119,,361度官方旗舰店,361女鞋运动鞋2024夏季新款网面透气跑鞋轻便软底跑步鞋跳操鞋子,常规跑鞋,361网面跑鞋轻便休闲跑步鞋,http://img.alicdn.com/bao/uploaded/i3/363607599/O1CN01ion1gh260OfjUG3D2-363607599.jpg,28￥ MF6563 yoQ63ZWrmGB￥ https://m.tb.cn/h.gh7M4kY  361女鞋运动鞋2024夏季新款网面透气跑鞋轻便软底跑步鞋跳操鞋子,3万+,50012029,运动鞋new,,49￥ CZ0015 6U973ZWsXyw￥ https://m.tb.cn/h.g6hj7sa  361女鞋运动鞋2024夏季新款网面透气跑鞋轻便软底跑步鞋跳操鞋子,否,,,,,,,,,,是,,40,满159减40,单品券,妈妈渠道券,,,,,是,,,满49减30,单品券,全网公开券,,满300减30,店铺券,全网公开券
xXavZjnUktqz0Q3mNKfWP2uAt9-DYYKKrZCpvz2oR2KT6M,Skechers斯凯奇一脚蹬懒人鞋,86620,Skechers/斯凯奇,369,319,369,499.00,319,303.05,skechers官方旗舰店,Skechers斯凯奇女鞋夏季一脚蹬休闲鞋透气健步鞋妈妈鞋平底单鞋,成型大底带来更轻质体验，舒适度更好,Skechers斯凯奇一脚蹬懒人鞋,http://img.alicdn.com/bao/uploaded/i3/783329018/O1CN01XMY1hJ2GUIgqsWbJE_!!0-item_pic.jpg,19￥ CZ0012 3oU23ZWsg6T￥ https://m.tb.cn/h.g6h8wJh  Skechers斯凯奇女鞋夏季一脚蹬休闲鞋透气健步鞋妈妈鞋平底单鞋,1万+,50006843,女鞋,,57￥ CZ0012 fwwE3ZWrqoq￥ https://m.tb.cn/h.g6skx0z  Skechers斯凯奇女鞋夏季一脚蹬休闲鞋透气健步鞋妈妈鞋平底单鞋,否,,,,,,,,,,是,,,满600减100,店铺券,妈妈渠道券,50,满300减50,店铺券,妈妈渠道券,是,,,满300减50,店铺券,全网公开券,,满600减100,店铺券,全网公开券
R0epN4DiZtjNxP0Bz9c4G8CMt6-AYYoobZCKDwvDbK0h4,妙优童卡通儿童夏季凉拖鞋,86620,妙优童,9.9,7.9,9.9,21.90,7.9,,妙优童旗舰店,儿童拖鞋夏季宝宝女童男童亲子室内防滑小童小孩男孩中大童凉拖鞋,,妙优童卡通儿童夏季凉拖鞋,http://img.alicdn.com/bao/uploaded/i3/2069639905/O1CN01HNVZHc2N2Xwd0DvHS_!!0-item_pic.jpg,78￥ HU7632 3Oqm3ZWsovJ￥ https://m.tb.cn/h.g6h89Wn  儿童拖鞋夏季宝宝女童男童亲子室内防滑小童小孩男孩中大童凉拖鞋,1万+,122650005,童鞋/婴儿鞋/亲子鞋,,39￥ CZ0015 q6im3ZWs4jg￥ https://m.tb.cn/h.gh7Mdhw  儿童拖鞋夏季宝宝女童男童亲子室内防滑小童小孩男孩中大童凉拖鞋,否,,,,,,,,,,是,,,满9减2,店铺券,妈妈渠道券,,满9减2,店铺券,妈妈渠道券,否,,,,,,,,,
4NGjrqghgtNoBnZeQbi70nFNtg-ammooDbtYr5MDkOps7,乔丹夏季网面透气轻便跑步鞋女鞋,86620,乔丹,159,119,159,269.00,119,,乔丹官方旗舰店,乔丹运动鞋女鞋跑步鞋夏季轻便软底减震跳绳鞋网面透气薄款慢跑鞋,热销爆款 网面透气 轻质柔软  一脚蹬轻便,乔丹夏季网面透气轻便跑步鞋女鞋,http://img.alicdn.com/bao/uploaded/i3/458694874/O1CN01wqKs9C1lsLOPKxb98_!!0-item_pic.jpg,19￥ HU0854 JTiS3ZWs8Dp￥ https://m.tb.cn/h.gh7omzu  乔丹运动鞋女鞋跑步鞋夏季轻便软底减震跳绳鞋网面透气薄款慢跑鞋,3万+,50012029,运动鞋new,,27￥ CZ0015 kPhX3ZWr6GR￥ https://m.tb.cn/h.g6h8mhb  乔丹运动鞋女鞋跑步鞋夏季轻便软底减震跳绳鞋网面透气薄款慢跑鞋,否,,,,,,,,,,是,,40,满79减40,单品券,妈妈渠道券,,满169减40,单品券,妈妈渠道券,是,,,满59减30,单品券,全网公开券,,满200减20,店铺券,全网公开券
rJavPjDIOtVK5pBjg7te2BCqtZ-pGGooDOCgya4po7pFjP,苏苏姐家驼颜钩针diy手工织毛衣,86620,苏苏姐家,12.6,7.6,12.6,12.60,7.6,,苏苏姐家旗舰店,苏苏姐家驼颜手工diy编织毛衣羊毛线钩针织围巾材料包玩偶毛线团,细线耐织，英伦风格，高性价比，莫兰迪色,苏苏姐家驼颜钩针diy手工织毛衣,http://img.alicdn.com/bao/uploaded/i1/3589734645/O1CN01on7wst1kBSQXK4s5I_!!0-item_pic.jpg,79￥ MF1643 7PLm3ZWs8DK￥ https://m.tb.cn/h.gh7Mpdg  苏苏姐家驼颜手工diy编织毛衣羊毛线钩针织围巾材料包玩偶毛线团,3万+,50010404,服饰配件/皮带/帽子/围巾,,58￥ HU7632 UPGp3ZWriWo￥ https://m.tb.cn/h.g6h8BEF  苏苏姐家驼颜手工diy编织毛衣羊毛线钩针织围巾材料包玩偶毛线团,是,,,每200减20,,,,,,,是,,5,满8减5,单品券,妈妈渠道券,,,,,否,,,,,,,,,
Qqwep5QTQtBRANp8dMSQKAcatQ-4YYqqJOC8gmd9Q0JIN,小白鞋空军一号361情侣,86620,361°,169,108,169,269.00,108,,361度官方旗舰店,361男鞋小白鞋2024夏季透气空军一号鞋子休闲鞋情侣运动鞋板鞋女,板鞋,小白鞋空军一号361情侣,http://img.alicdn.com/bao/uploaded/i4/363607599/O1CN010GRJcb260Ofj39bVL-363607599.jpg,37￥ MF1643 spro3ZWIOnE￥ https://m.tb.cn/h.g6h8rpI  361男鞋小白鞋2024夏季透气空军一号鞋子休闲鞋情侣运动鞋板鞋女,5万+,50012029,运动鞋new,,29￥ ZH4920 u3P33ZWsWOu￥ https://m.tb.cn/h.g6sPA43  361男鞋小白鞋2024夏季透气空军一号鞋子休闲鞋情侣运动鞋板鞋女,否,,,,,,,,,,是,,60,满169减60,单品券,妈妈渠道券,,,,,是,,,满300减30,店铺券,全网公开券,,满119减50,单品券,全网公开券
dAZ0RrDcZt32XbV5BpiozAuet3-4YYqqJOC8vyWA0W4cp9,hotmarzz/黑玛毛毛拖鞋女外穿,86620,hotmarzz/黑玛,39.9,35.9,39.9,79.00,35.9,29.92,hotmarzz旗舰店,hotmarzz/黑玛毛毛拖鞋女外穿秋冬网红黑色毛拖鞋防滑耐磨一字拖,,hotmarzz/黑玛毛毛拖鞋女外穿,http://img.alicdn.com/bao/uploaded/i1/1706278919/O1CN01eBdqCX2FkxL0bL4El_!!0-item_pic.jpg,07￥ MF6563 hkqH3ZWsUue￥ https://m.tb.cn/h.gTzHdIM  hotmarzz/黑玛毛毛拖鞋女外穿秋冬网红黑色毛拖鞋防滑耐磨一字拖,200+,50006843,女鞋,,07￥ HU9196 KY3G3ZWrzbh￥ https://m.tb.cn/h.g6hQVks  hotmarzz/黑玛毛毛拖鞋女外穿秋冬网红黑色毛拖鞋防滑耐磨一字拖,否,,,,,,,,,,是,,,满27减1,店铺券,妈妈渠道券,4,满35减4,店铺券,妈妈渠道券,否,,,,,,,,,
P7zJMa0I3t6pW5dnZMtV6ofPt6-9YYbbwkCOvP0mZ2ztQ,外穿秋冬厚底ins网红毛毛拖鞋女,86620,hotmarzz/黑玛,29.9,28.9,29.9,99.00,28.9,21.92,hotmarzz旗舰店,hotmarzz/黑玛厚底网红毛毛拖鞋女外穿秋冬室内ins潮居家防滑拖鞋,,外穿秋冬厚底ins网红毛毛拖鞋女,http://img.alicdn.com/bao/uploaded/i1/1706278919/O1CN01eMhPX52FkxL1a6zQO_!!0-item_pic.jpg,07￥ HU0025 eo9F3ZWI1YQ￥ https://m.tb.cn/h.g6sPpvw  hotmarzz/黑玛厚底网红毛毛拖鞋女外穿秋冬室内ins潮居家防滑拖鞋,100+,50006843,女鞋,,89￥ HU0025 FYxJ3ZWIiOL￥ https://m.tb.cn/h.gh7oNVp  hotmarzz/黑玛厚底网红毛毛拖鞋女外穿秋冬室内ins潮居家防滑拖鞋,否,,,,,,,,,,是,,1,满27减1,店铺券,妈妈渠道券,,满35减4,店铺券,妈妈渠道券,否,,,,,,,,,
Ge7bA9xf8tYa305jWAtPBYuQtJ-booDDB5fGebNZ88KCy,Skechers斯凯奇春新款网面健步鞋,86620,Skechers/斯凯奇,379.0,359,429,649.00,359,359,斯凯奇舒乐步旗舰店,Skechers斯凯奇男士休闲鞋夏季透气软底中老年一脚蹬健步爸爸鞋,轻量缓震经典健步鞋，时尚简约百搭；,Skechers斯凯奇春新款网面健步鞋,http://img.alicdn.com/bao/uploaded/i4/2208059210700/O1CN01qERetv1H2eDIP85BD_!!2208059210700.jpg,67￥ CZ3456 HIV13ZWsDfJ￥ https://m.tb.cn/h.g6sldEn  Skechers斯凯奇男士休闲鞋夏季透气软底中老年一脚蹬健步爸爸鞋,66,50011740,流行男鞋,,19￥ CZ0015 uv6N3ZWIZJS￥ https://m.tb.cn/h.gTzHiy8  Skechers斯凯奇男士休闲鞋夏季透气软底中老年一脚蹬健步爸爸鞋,否,,,,,,,,,,是,,,满600减120,店铺券,妈妈渠道券,,,,,是,,50,满300减50,店铺券,全网公开券,,满600减100,店铺券,全网公开券
0AaxODbi7t8mG7o92JTqNXh2t6-DYYKKrZCPO6Z8vwmcq,hotmarzz/黑玛厚底毛毛拖鞋女,86620,hotmarzz/黑玛,39.9,35.9,39.9,79.00,35.9,29.92,hotmarzz旗舰店,hotmarzz/黑玛厚底毛毛拖鞋女秋冬外穿韩版ins潮高级感拖鞋毛毛鞋,,hotmarzz/黑玛厚底毛毛拖鞋女,http://img.alicdn.com/bao/uploaded/i1/1706278919/O1CN019W6c0T2FkxKpODu5u_!!0-item_pic.jpg,77￥ HU9046 VZns3ZWsBRX￥ https://m.tb.cn/h.g6hjrQI  hotmarzz/黑玛厚底毛毛拖鞋女秋冬外穿韩版ins潮高级感拖鞋毛毛鞋,200+,50006843,女鞋,,67￥ CZ3458 o6hG3ZWHYdv￥ https://m.tb.cn/h.gh7L4o0  hotmarzz/黑玛厚底毛毛拖鞋女秋冬外穿韩版ins潮高级感拖鞋毛毛鞋,否,,,,,,,,,,是,,,满27减1,店铺券,妈妈渠道券,4,满35减4,店铺券,妈妈渠道券,否,,,,,,,,,
NbRqrk3T5tGQ9dNjPrt72KsRtB-9YYbbwkCOP3RBn6ohQ,牛皮女单鞋millie's休闲时尚,86620,MILLIE'S/妙丽,498.0,438.19,538,1499.00,438.19,418.19,millies妙丽旗舰店,妙丽绿色春新款牛皮时尚复古法式高跟玛丽珍小皮鞋女单鞋SCY11AQ2,时尚复古高跟女单鞋,牛皮女单鞋millie's休闲时尚,http://img.alicdn.com/bao/uploaded/i4/2940677727/O1CN01wo7lm726x1MugBQFc_!!2940677727.jpg,38￥ HU0025 noVK3ZWsFSR￥ https://m.tb.cn/h.g6skA9p  妙丽绿色春新款牛皮时尚复古法式高跟玛丽珍小皮鞋女单鞋SCY11AQ2,100+,50006843,女鞋,,88￥ CZ3452 c0VI3ZWI7P5￥ https://m.tb.cn/h.g6sluDu  妙丽绿色春新款牛皮时尚复古法式高跟玛丽珍小皮鞋女单鞋SCY11AQ2,是,,40,每200减20,,,,,,,是,,20,满21减20,单品券,妈妈渠道券,,,,,是,,,满1098减80,店铺券,全网公开券,,满798减50,店铺券,全网公开券
0AaxO5RT7t8mG7o92JTqYrt2t6-mGGRRD9C75B50PqmcO,回力高帮小白鞋老爹鞋百搭运动鞋,86620,Warrior/回力,59,44,59,299.00,44,,回力官方品牌店,回力爆款老爹鞋2024夏季新款厚底鞋子运动鞋高帮小白鞋板鞋情侣鞋,,回力高帮小白鞋老爹鞋百搭运动鞋,http://img.alicdn.com/bao/uploaded/i2/2200593005664/O1CN01acdEXS1riAHeSTOG1_!!2200593005664.jpg,47￥ CZ0012 sJAi3ZWrK6A￥ https://m.tb.cn/h.g6skxg5  回力爆款老爹鞋2024夏季新款厚底鞋子运动鞋高帮小白鞋板鞋情侣鞋,2000+,50006843,女鞋,,07￥ HU9046 ayFl3ZWIiZq￥ https://m.tb.cn/h.g6hjL7d  回力爆款老爹鞋2024夏季新款厚底鞋子运动鞋高帮小白鞋板鞋情侣鞋,是,,,每200减20,,,,,,,是,,,满99减20,店铺券,妈妈渠道券,15,满49减15,店铺券,妈妈渠道券,是,,,满99减20,店铺券,全网公开券,,满200减25,店铺券,全网公开券
rQOgWr3SOtVK5pwzQ6ie9ruqtZ-DYYKKrZCPPVdjXgNTO4,厚底秋冬季新款家居防滑毛毛拖鞋,86620,hotmarzz/黑玛,29.9,28.9,29.9,59.00,28.9,21.92,hotmarzz旗舰店,毛毛拖鞋女秋冬季外穿厚底新款爆款网红家居静音防滑软底毛毛鞋女,,厚底秋冬季新款家居防滑毛毛拖鞋,http://img.alicdn.com/bao/uploaded/i2/1706278919/O1CN01TjI2B02FkxDRjakXb_!!0-item_pic.jpg,37￥ HU0025 cxWJ3ZWId9p￥ https://m.tb.cn/h.g6slR5t  毛毛拖鞋女秋冬季外穿厚底新款爆款网红家居静音防滑软底毛毛鞋女,400+,50006843,女鞋,,48￥ CZ3458 3u1f3ZWINjs￥ https://m.tb.cn/h.gTzspsJ  毛毛拖鞋女秋冬季外穿厚底新款爆款网红家居静音防滑软底毛毛鞋女,否,,,,,,,,,,是,,1,满27减1,店铺券,妈妈渠道券,,满35减4,店铺券,妈妈渠道券,否,,,,,,,,,
P7zJMvnI3t6pW5dnZMtVyzfPt6-ekkbbyPcXynqmP9juj,ppp恶童甜心亮黑色插扣玛丽珍鞋,86620,pinkpunkplank,459.0,359,499,499.00,359,349.1,pinkpunkplank,ppp 恶童甜心系列 2023春夏 亮黑色机能风插扣大头玛丽珍厚底鞋,,ppp恶童甜心亮黑色插扣玛丽珍鞋,http://img.alicdn.com/bao/uploaded/i4/2987758923/O1CN010RmtiF2FmmfxpAhEE_!!2987758923.jpg,79￥ CZ3456 xVsA3ZWru3H￥ https://m.tb.cn/h.g6sPA93  ppp 恶童甜心系列 2023春夏 亮黑色机能风插扣大头玛丽珍厚底鞋,900+,50006843,女鞋,,68￥ CZ0000 bgYn3ZWsjQI￥ https://m.tb.cn/h.g6hj2Pd  ppp 恶童甜心系列 2023春夏 亮黑色机能风插扣大头玛丽珍厚底鞋,是,,40,每200减20,,,,,,,是,,100,满499减100,单品券,妈妈渠道券,,,,,否,,,,,,,,,
BVWkYoZf6t8v2mYGkdTrWzCrte-Q7755dZTwqpNJKmdHk,卓诗尼女鞋休闲厚底中跟老爹鞋,86620,Josiny/卓诗尼,199,169,199,399.00,169,163.03,卓诗尼笑好专卖店,卓诗尼女鞋2024夏季新款休闲舒适透气小众百搭厚底中跟平底老爹鞋,,卓诗尼女鞋休闲厚底中跟老爹鞋,http://img.alicdn.com/bao/uploaded/i2/821576962/O1CN01x5qmLj21IeL0m5lHb_!!0-item_pic.jpg,59￥ HU9196 UHUz3ZWI4Rl￥ https://m.tb.cn/h.g6h8rxY  卓诗尼女鞋2024夏季新款休闲舒适透气小众百搭厚底中跟平底老爹鞋,1000+,50006843,女鞋,,07￥ CZ0015 31cd3ZWsC6O￥ https://m.tb.cn/h.g6slIJp  卓诗尼女鞋2024夏季新款休闲舒适透气小众百搭厚底中跟平底老爹鞋,否,,,,,,,,,,是,,,满229减50,店铺券,妈妈渠道券,30,满189减30,店铺券,妈妈渠道券,是,,,满100减20,店铺券,全网公开券,,满200减30,店铺券,全网公开券
9Mgq6QefBtOMdnx0paFn4vhQt6-rGGjjD4CMNNMDwamUkx,hotmarzz/黑玛毛毛拖鞋女外穿,86620,hotmarzz/黑玛,39.9,35.9,39.9,79.00,35.9,29.92,hotmarzz旗舰店,hotmarzz/黑玛毛毛拖鞋女外穿厚底网红室内新款秋冬季毛绒一字拖,,hotmarzz/黑玛毛毛拖鞋女外穿,http://img.alicdn.com/bao/uploaded/i1/1706278919/O1CN01u5xJQR2FkxKkdXt4I_!!0-item_pic.jpg,58￥ CA6496 TdJo3ZWsBCm￥ https://m.tb.cn/h.gh7Mpit  hotmarzz/黑玛毛毛拖鞋女外穿厚底网红室内新款秋冬季毛绒一字拖,400+,50006843,女鞋,,37￥ CZ0001 hjKs3ZWI5GY￥ https://m.tb.cn/h.g6h8wBW  hotmarzz/黑玛毛毛拖鞋女外穿厚底网红室内新款秋冬季毛绒一字拖,否,,,,,,,,,,是,,,满27减1,店铺券,妈妈渠道券,4,满35减4,店铺券,妈妈渠道券,否,,,,,,,,,
2xmb4W6UotgkaM0wxetKr8uDtD-6YYggJ4CyArAn24piKW,运动休闲厚底系带老爹鞋子女,86620,,178,173,178,278.00,173,155.2,TFM潮流女鞋,运动休闲鞋女2024年春季新款时尚系带真皮百搭舒适轻便厚底老爹鞋,,运动休闲厚底系带老爹鞋子女,http://img.alicdn.com/bao/uploaded/i1/276062143/O1CN01BVZWA51RhXjeraeoS_!!276062143.jpg,89￥ CZ0002 s8ru3ZWrtck￥ https://m.tb.cn/h.g6slRgj  运动休闲鞋女2024年春季新款时尚系带真皮百搭舒适轻便厚底老爹鞋,500+,50006843,女鞋,,58￥ HU0854 07VW3ZWs3LS￥ https://m.tb.cn/h.gTzs4De  运动休闲鞋女2024年春季新款时尚系带真皮百搭舒适轻便厚底老爹鞋,是,,,每200减20,,,,,,,是,,5,满5.01减5,店铺券,妈妈渠道券,,,,,否,,,,,,,,,
oRJyXWmhrtKP7NDORbiAyzfntN-oGGooDVCBQjjowG4tJY,新生纯棉半背衣人之初,84226,人之初,32.9,24.9,32.9,89.00,24.9,,人之初母婴旗舰,人之初新生婴儿儿衣服半背衣春秋初生宝宝纯棉上衣和尚服2件春装,,新生纯棉半背衣人之初,http://img.alicdn.com/bao/uploaded/i1/1986479298/O1CN01LGnZDA2IYXYspneAr_!!0-item_pic.jpg,38￥ CZ0002 6vs93ZWIVpo￥ https://m.tb.cn/h.gTztpnc  人之初新生婴儿儿衣服半背衣春秋初生宝宝纯棉上衣和尚服2件春装,2万+,50008165,童装/婴儿装/亲子装,,27￥ CA6496 t9453ZWseJZ￥ https://m.tb.cn/h.gTzHfXC  人之初新生婴儿儿衣服半背衣春秋初生宝宝纯棉上衣和尚服2件春装,否,,,,,,,,,,是,,8,满28减8,店铺券,妈妈渠道券,,,,,否,,,,,,,,,
60wzkm7u8tG72A0yz5irR8Tot3-MxxMMdZuV5Xke4yrsZn,赤本舖新生婴儿专用大白罐润肤霜,84226,赤本舖,109,74,109,109.00,74,,赤本舖旗舰店,赤本舖大蓝罐身体乳婴儿面霜润肤霜新生婴儿保湿宝宝霜儿童大白罐,,赤本舖新生婴儿专用大白罐润肤霜,http://img.alicdn.com/bao/uploaded/i4/2216398289885/O1CN01igyvrb2MtO4HZwtj5_!!0-item_pic.jpg,78￥ MF3543 GWrf3ZWICZH￥ https://m.tb.cn/h.gh7oR1q  赤本舖大蓝罐身体乳婴儿面霜润肤霜新生婴儿保湿宝宝霜儿童大白罐,5000+,50014812,婴童用品,,59￥ ZH4920 Tg3x3ZWsC7b￥ https://m.tb.cn/h.g6slff0  赤本舖大蓝罐身体乳婴儿面霜润肤霜新生婴儿保湿宝宝霜儿童大白罐,否,,,,,,,,,,是,,,满109减35,单品券,妈妈渠道券,35,满109减35,单品券,妈妈渠道券,是,,,满109减20,单品券,全网公开券,,,,
YDX4OGaCptXrbdYkZKTa4eT2t6-JNNzzkZta35zX9D0uZ,洛颜助睡眠牵引枕护颈枕,84226,洛颜（床上用品）,139.9,39.9,139.9,139.90,39.9,,洛颜旗舰店,Y洛颜助睡眠反弓反牵引枕芯颈椎修复度变直单双人枕睡专用护颈枕,,洛颜助睡眠牵引枕护颈枕,http://img.alicdn.com/bao/uploaded/i4/2218173422399/O1CN01TOLemb1Tan7yC01ve_!!2-item_pic.png,08￥ CZ0012 W2123ZWssrl￥ https://m.tb.cn/h.gTztNiP  Y洛颜助睡眠反弓反牵引枕芯颈椎修复度变直单双人枕睡专用护颈枕,36,50014812,婴童用品,,39￥ MF7997 l9o43ZWIcDp￥ https://m.tb.cn/h.g6sPFRL  Y洛颜助睡眠反弓反牵引枕芯颈椎修复度变直单双人枕睡专用护颈枕,否,,,,,,,,,,是,,100,满139减100,单品券,妈妈渠道券,,,,,否,,,,,,,,,
3kJz2OGFAtYGOX4oyvIRJrH9tJ-Obb88dZSZ4GVz7QMfr,,84226,洛颜（床上用品）,199.9,99.9,199.9,199.90,99.9,,洛颜旗舰店,Y洛颜高端轻奢水洗天丝四件套高克重丝滑裸睡水洗真丝4件套,,,http://img.alicdn.com/bao/uploaded/i2/2218173422399/O1CN01zDKOhW1Tan83Rs1Lf_!!0-item_pic.jpg,09￥ CZ0002 b2uN3ZWs6sU￥ https://m.tb.cn/h.gTzHAXY  Y洛颜高端轻奢水洗天丝四件套高克重丝滑裸睡水洗真丝4件套,14,50014812,婴童用品,,18￥ CZ0001 Hx8f3ZWI8i3￥ https://m.tb.cn/h.gh7LYmf  Y洛颜高端轻奢水洗天丝四件套高克重丝滑裸睡水洗真丝4件套,否,,,,,,,,,,是,,100,满139减100,单品券,妈妈渠道券,,,,,否,,,,,,,,,
oRJyXWvIrtKP7NDORbiAzpCntN-g66JJjyup5a4KBZJcG5,不二宝贝黑猪肉午餐肉宝宝辅食,84226,不二宝贝,32.8,24.8,32.8,199.00,24.8,,不二宝贝旗舰店,不二宝贝儿童黑猪午餐肉单独包片装无添加搭宝宝罐头三明治专用,早餐速熟食无添加,不二宝贝黑猪肉午餐肉宝宝辅食,http://img.alicdn.com/bao/uploaded/i2/2212478319537/O1CN01ZbbbzO2KK0FEkM9u5_!!0-item_pic.jpg,87￥ MF6563 oSkv3ZWIIEn￥ https://m.tb.cn/h.g6h8z6d  不二宝贝儿童黑猪午餐肉单独包片装无添加搭宝宝罐头三明治专用,1万+,35,奶粉/辅食/营养品/零食,,98￥ MF3543 x8in3ZWsfuI￥ https://m.tb.cn/h.g6hjVvT  不二宝贝儿童黑猪午餐肉单独包片装无添加搭宝宝罐头三明治专用,否,,,,,,,,,,是,,8,满30减8,单品券,妈妈渠道券,,,,,是,,,满30减3,单品券,全网公开券,,满20减3,单品券,全网公开券
G4JxWGZt8tYa305mprIPBasQtJ-3YYyygVC00OQAV4ZcRY,DSU薄荷多口味清新口气漱口水,84226,DSU（美妆）,49.9,29.9,49.9,89.90,29.9,6.63,dsu旗舰店,拍3件 第3件0元  五种口味任选便携清爽漱口水约会清新口气洁净1,0酒精+0色素+0防腐剂+便携,DSU薄荷多口味清新口气漱口水,http://img.alicdn.com/bao/uploaded/i4/2208375208398/O1CN011nS1Wz2BuKzoRt6Ez_!!0-item_pic.jpg,99￥ HU9046 AgI33ZWsYXv￥ https://m.tb.cn/h.g6slA61  拍3件 第3件0元  五种口味任选便携清爽漱口水约会清新口气洁净1,2万+,50022517,孕妇装/孕产妇用品/营养,,18￥ HU7632 kztA3ZWIpRF￥ https://m.tb.cn/h.g6hQLjG  拍3件 第3件0元  五种口味任选便携清爽漱口水约会清新口气洁净1,否,,,,,,,,,,是,,20,满49减20,单品券,妈妈渠道券,,,,,是,,,满49减10,单品券,全网公开券,,,,
Na39QGkf5tGQ9dNnwqi7ayuRtB-3YYyygVC0N8xJwmbIR0,洗发水bcbabycare100ml宝宝专用,84226,bc babycare,49.9,19.9,49.9,399.00,19.9,,babycare旗舰店,babycare幼朴儿童洗发水宝宝专用女孩男童柔顺洗发露护发素二合一,野生沙棘果油，柔顺发丝,洗发水bcbabycare100ml宝宝专用,http://img.alicdn.com/bao/uploaded/i1/2275046294/O1CN01hcZNwy1wMho5227uC_!!2275046294.jpg,38￥ CZ3456 D0BS3ZWsb18￥ https://m.tb.cn/h.g6hjTZx  babycare幼朴儿童洗发水宝宝专用女孩男童柔顺洗发露护发素二合一,2万+,50014812,婴童用品,,58￥ MF1643 iHiR3ZWIzyO￥ https://m.tb.cn/h.g6hQ2Oq  babycare幼朴儿童洗发水宝宝专用女孩男童柔顺洗发露护发素二合一,否,,,,,,,,,,是,,10,满49减10,单品券,妈妈渠道券,,,,,否,,,,,,,,,
AGrw0gmszt4OPq57QWtJ5nUvtn-Q7755dZTb2M5eneQIG,,84226,BEINGMATE/贝因美,128,89,128,128.00,89,,贝因美哺氧专卖店,贝因美海藻钙婴幼儿液体钙孕妇儿童宝宝钙滴剂高钙凝胶糖果,,,http://img.alicdn.com/bao/uploaded/i4/2214892859693/O1CN01R5Ch9a2LTS1JzsFVu_!!0-item_pic.jpg,58￥ MF3543 duD43ZWI5N6￥ https://m.tb.cn/h.g6slRkw  贝因美海藻钙婴幼儿液体钙孕妇儿童宝宝钙滴剂高钙凝胶糖果,100+,35,奶粉/辅食/营养品/零食,,58￥ ZH4920 WzxD3ZWshtx￥ https://m.tb.cn/h.gh7oIuI  贝因美海藻钙婴幼儿液体钙孕妇儿童宝宝钙滴剂高钙凝胶糖果,否,,,,,,,,,,是,,39,满120减39,单品券,妈妈渠道券,,,,,否,,,,,,,,,
vRAyXP8UZt6xpv9joXiMYQT0te-Vqq55XZipmZvqwKMiJ,英氏婴幼儿儿童金盏花沐浴露,84226,YEEHOO/英氏,79,59,79,209.00,59,,英氏婴童洗护旗舰店,英氏儿童沐浴露洗发水二合一宝宝专用婴儿沐浴乳宝洗发沐浴露,天然金盏花，一瓶两用,英氏婴幼儿儿童金盏花沐浴露,http://img.alicdn.com/bao/uploaded/i1/2200552342840/O1CN01tyFQvz1WqlnHfdn3a_!!0-item_pic.jpg,57￥ MF1643 0v2s3ZWssec￥ https://m.tb.cn/h.g6sPsfN  英氏儿童沐浴露洗发水二合一宝宝专用婴儿沐浴乳宝洗发沐浴露,8000+,50014812,婴童用品,,28￥ CZ3460 MHCM3ZWI4jM￥ https://m.tb.cn/h.g6sPAqb  英氏儿童沐浴露洗发水二合一宝宝专用婴儿沐浴乳宝洗发沐浴露,否,,,,,,,,,,是,,20,满79减20,单品券,妈妈渠道券,,,,,否,,,,,,,,,
jWPMkw0U0tJ5eP0q8gfJwGTJte-BGG665ZCrVBV7DNeT8,贝特倍护天然茶籽除菌婴儿洗衣液,84226,贝特倍护,39.9,19.9,39.9,129.00,19.9,17.91,贝特倍护旗舰店,孩子王贝特倍护婴儿茶籽洗衣液宝宝专用儿童清洗液婴幼儿清洁皂液,天然茶籽 茶香四溢 0添加 易漂洗 深层去污,贝特倍护天然茶籽除菌婴儿洗衣液,http://img.alicdn.com/bao/uploaded/i3/3884898643/O1CN01I7wab02DiY64qNQ22_!!0-item_pic.jpg,18￥ HU7632 BNvY3ZWHhE3￥ https://m.tb.cn/h.g6sPKYp  孩子王贝特倍护婴儿茶籽洗衣液宝宝专用儿童清洗液婴幼儿清洁皂液,30万+,50014812,婴童用品,,09￥ HU7632 JQCt3ZWIfVK￥ https://m.tb.cn/h.gh7oRcl  孩子王贝特倍护婴儿茶籽洗衣液宝宝专用儿童清洗液婴幼儿清洁皂液,否,,,,,,,,,,是,,20,满39减20,单品券,妈妈渠道券,,,,,是,,,满39减10,单品券,全网公开券,,满299减30,店铺券,全网公开券
Na39QGju5tGQ9dNnwqi72AfRtB-booDDB5fGgbx6OQecD,贝德专用天然呵护滋养儿童抚触油,84226,bodcrme/贝德美,89,39,89,149.00,39,,贝德美旗舰店,贝德美婴儿专用抚触油新生宝宝按摩油天然呵护滋润保湿儿童润肤油,,贝德专用天然呵护滋养儿童抚触油,http://img.alicdn.com/bao/uploaded/i1/2201196082363/O1CN01SLnLlx1TKIsBAkXKm_!!0-item_pic.jpg,59￥ CZ0012 Xx1Y3ZWHhMa￥ https://m.tb.cn/h.gh7ouAw  贝德美婴儿专用抚触油新生宝宝按摩油天然呵护滋润保湿儿童润肤油,6万+,50014812,婴童用品,,57￥ HU0854 1tzw3ZWH7dq￥ https://m.tb.cn/h.g6hjwAu  贝德美婴儿专用抚触油新生宝宝按摩油天然呵护滋润保湿儿童润肤油,否,,,,,,,,,,是,,50,满89减50,单品券,妈妈渠道券,,,,,是,,,满60减10,单品券,全网公开券,,,,
XDVMrGafGtXDgGkK9PTmOgSBtg-wGGJJDwCQXB5ePD6Tx,贝蜜儿益生菌宝宝可食用菌株,84226,Babymier/贝蜜儿,69.9,19.9,69.9,399.00,19.9,,babymier贝蜜儿旗舰店,【秒杀】贝蜜儿益生菌粉儿童益生元宝宝可食用6联送婴幼儿营养品,买2送1，买3送2，买5送4，请加购合并下单哦,贝蜜儿益生菌宝宝可食用菌株,http://img.alicdn.com/bao/uploaded/i4/2206587694943/O1CN01Ts2dB41mNwihNgnIz_!!0-item_pic.jpg,28￥ CZ3456 wI5p3ZWIJao￥ https://m.tb.cn/h.g6hjGvW  【秒杀】贝蜜儿益生菌粉儿童益生元宝宝可食用6联送婴幼儿营养品,7万+,35,奶粉/辅食/营养品/零食,,48￥ HU7632 0X0m3ZWsYpL￥ https://m.tb.cn/h.g6hjbOj  【秒杀】贝蜜儿益生菌粉儿童益生元宝宝可食用6联送婴幼儿营养品,否,,,,,,,,,,是,,50,满59减50,单品券,妈妈渠道券,,,,,是,,,满200减30,店铺券,全网公开券,,满400减50,店铺券,全网公开券
vRAyXPMsZt6xpv9joXiMYqS0te-KAA773ZHjjVYWM8ph65,柠檬便携清爽洁净口腔漱口水,84226,DSU（美妆）,49.9,29.9,49.9,69.90,29.9,6.63,dsu旗舰店,拍3件 第3件0元 柠檬水果味便携薄荷清新口气漱口水洁净含漱液3,清新去口气便携漱口水,柠檬便携清爽洁净口腔漱口水,http://img.alicdn.com/bao/uploaded/i1/2208375208398/O1CN01ONxesF2BuKv9h10Xk_!!0-item_pic.jpg,37￥ CZ0012 g0wq3ZWsTz6￥ https://m.tb.cn/h.gh7odK1  拍3件 第3件0元 柠檬水果味便携薄荷清新口气漱口水洁净含漱液3,5万+,50022517,孕妇装/孕产妇用品/营养,,59￥ CZ3456 OIkS3ZWIF6N￥ https://m.tb.cn/h.g6hQbSK  拍3件 第3件0元 柠檬水果味便携薄荷清新口气漱口水洁净含漱液3,否,,,,,,,,,,是,,20,满49减20,单品券,妈妈渠道券,,,,,是,,,满49减10,单品券,全网公开券,,,,
pRQyXxGSxt6Kobe3nDiZnYIptm-oGGooDVCBOwjNg2ku3,洋精灵儿童牙刷护齿抑菌软毛,84226,Young Elf/洋精灵,39.9,19.9,39.9,59.90,19.9,18.91,天猫超市,洋精灵儿童牙刷0到3岁宝宝牙刷1一2岁软毛抑菌护齿口腔清洁,,洋精灵儿童牙刷护齿抑菌软毛,http://img.alicdn.com/bao/uploaded/i2/6000000002621/O1CN01ehcDgv1VET3euI8Jh_!!6000000002621-0-sm.jpg,58￥ MF6563 SQ803ZWH0Xn￥ https://m.tb.cn/h.g6sPsU0  洋精灵儿童牙刷0到3岁宝宝牙刷1一2岁软毛抑菌护齿口腔清洁,3万+,50014812,婴童用品,,49￥ HU9046 uQck3ZWIHWH￥ https://m.tb.cn/h.g6sl6hh  洋精灵儿童牙刷0到3岁宝宝牙刷1一2岁软毛抑菌护齿口腔清洁,否,,,,,,,,,,是,,10,满20减10,单品券,妈妈渠道券,,,,,否,,,,,,,,,
rRw3obbhOtVK5pwPy0fejAhqtZ-GwwaaVZSrV5ox35zCnZ,女童纯棉短裤花苞裤夏季,84226,南极人,39.9,16.82,39.9,269.00,16.82,,南极人绒安专卖店,女童纯棉短裤打底外穿婴儿灯笼屁屁裤宝宝花苞裤大pp裤子夏季薄款,A类纯棉 实惠2件装,女童纯棉短裤花苞裤夏季,http://img.alicdn.com/bao/uploaded/i2/2455268454/O1CN01msf6lZ2CJzAXC97xy_!!0-item_pic.jpg,67￥ HU9046 swzF3ZWsCDd￥ https://m.tb.cn/h.g6slffB  女童纯棉短裤打底外穿婴儿灯笼屁屁裤宝宝花苞裤大pp裤子夏季薄款,2000+,50008165,童装/婴儿装/亲子装,,59￥ MF1643 0bj03ZWI3Mm￥ https://m.tb.cn/h.g6sOpIQ  女童纯棉短裤打底外穿婴儿灯笼屁屁裤宝宝花苞裤大pp裤子夏季薄款,否,,,,,,,,,,是,,10,满39减10,店铺券,妈妈渠道券,,满35减10,店铺券,妈妈渠道券,否,,,,,,,,,
60wzkmxu8tG72A0yz5irmpfot3-wGGJJDwCQppkNZoPSx,三件ad'vin浪漫玫瑰香氛沐浴露,84226,梁客,129.9,59.9,129.9,129.90,59.9,13.3,梁客旗舰店,梁客 AD'VIN 蓓缦缇浪漫玫瑰香氛沐浴露持久留香正品沐浴路旗舰店,,三件ad'vin浪漫玫瑰香氛沐浴露,http://img.alicdn.com/bao/uploaded/i4/3887089883/O1CN01UxBwpH2MsT50ZLbLT_!!0-item_pic.jpg,07￥ CZ3456 oU5y3ZWI4jH￥ https://m.tb.cn/h.gTzHYII  梁客 AD'VIN 蓓缦缇浪漫玫瑰香氛沐浴露持久留香正品沐浴路旗舰店,1万+,50022517,孕妇装/孕产妇用品/营养,,97￥ CZ0016 vKCu3ZWsWLc￥ https://m.tb.cn/h.gh7LuLw  梁客 AD'VIN 蓓缦缇浪漫玫瑰香氛沐浴露持久留香正品沐浴路旗舰店,否,,,,,,,,,,是,,70,满129减70,单品券,妈妈渠道券,,,,,否,,,,,,,,,
08yzj9qs7t8mG7oyjDtqMRh2t6-nGGoojBCQ2QjQBdjI5,儿童内裤女童纯棉平角三角宝宝,84226,抱团熊,28.8,18.8,28.8,98.00,18.8,,抱团熊旗舰店,儿童内裤男童内裤女童纯棉平角三角宝宝小中大童10岁女孩学生短裤,符合国家A类安全标准 柔软舒适 材质透气,儿童内裤女童纯棉平角三角宝宝,http://img.alicdn.com/bao/uploaded/i4/2208786534837/O1CN01TcpabM1lbOgM2vyPP_!!0-item_pic.jpg,18￥ CZ0000 MEMw3ZWsCDe￥ https://m.tb.cn/h.g6sOkhb  儿童内裤男童内裤女童纯棉平角三角宝宝小中大童10岁女孩学生短裤,5万+,50008165,童装/婴儿装/亲子装,,17￥ MF6563 obNL3ZWHiQ7￥ https://m.tb.cn/h.gh7LuLz  儿童内裤男童内裤女童纯棉平角三角宝宝小中大童10岁女孩学生短裤,否,,,,,,,,,,是,,10,满11减10,单品券,妈妈渠道券,,,,,是,,,满9减8,单品券,全网公开券,,,,
ZDgMqGOi6tPoNABjqVSdDwSVt6-KAA773ZHwMN0YmoaSnd,肌琳莎烟酰胺面膜补水保湿提亮,84226,肌琳莎,108,38,108,108.00,38,9.5,肌琳莎旗舰店,任选4盒 肌琳莎烟酰胺面膜多款补水保湿提亮肤色正品官方旗舰店,美国进口烟酰胺，淡纹补水提亮紧致收缩毛孔,肌琳莎烟酰胺面膜补水保湿提亮,http://img.alicdn.com/bao/uploaded/i4/4106072846/O1CN01FBcB8O1WtW1PuTKJG_!!0-item_pic.jpg,77￥ HU0025 xXN13ZWH2MI￥ https://m.tb.cn/h.gTztkfC  任选4盒 肌琳莎烟酰胺面膜多款补水保湿提亮肤色正品官方旗舰店,1000+,50022517,孕妇装/孕产妇用品/营养,,37￥ CZ3452 qqM43ZWHU2E￥ https://m.tb.cn/h.g6slYDk  任选4盒 肌琳莎烟酰胺面膜多款补水保湿提亮肤色正品官方旗舰店,否,,,,,,,,,,是,,70,满108减70,单品券,妈妈渠道券,,满108减70,单品券,妈妈渠道券,否,,,,,,,,,
VDV4yGws6tweYMm4p8Uk6WFvtV-Vqq55XZikJ4JarXxIy,不二宝贝热炒核桃油亚麻籽调和油,84226,不二宝贝,39.8,21.8,39.8,99.00,21.8,,不二宝贝旗舰店,不二宝贝热炒核桃油亚麻籽牛油果调和油送婴幼儿童宝宝辅食谱A,,不二宝贝热炒核桃油亚麻籽调和油,http://img.alicdn.com/bao/uploaded/i3/2212478319537/O1CN01f5Av6d2KK0FOrKhxz_!!0-item_pic.jpg,77￥ MF7997 ijQ33ZWsz9F￥ https://m.tb.cn/h.gh7L4EY  不二宝贝热炒核桃油亚麻籽牛油果调和油送婴幼儿童宝宝辅食谱A,1000+,35,奶粉/辅食/营养品/零食,,08￥ ZH4920 bckp3ZWssrG￥ https://m.tb.cn/h.g6sONOo  不二宝贝热炒核桃油亚麻籽牛油果调和油送婴幼儿童宝宝辅食谱A,否,,,,,,,,,,是,,18,满36减18,单品券,妈妈渠道券,,,,,否,,,,,,,,,
8Qpqxb8hnt9PZRBybwtqD0Sbt8-Q7755dZTb9wJYa5bhbK,果味葡萄清爽便携漱口水,84226,DSU（美妆）,49.9,29.9,49.9,99.90,29.9,6.63,dsu旗舰店,拍3件 第3件0元 葡萄清爽便携漱口水约会清新口气洁净含漱液10,葡萄清爽便携漱口水,果味葡萄清爽便携漱口水,http://img.alicdn.com/bao/uploaded/i2/2208375208398/O1CN01iv2oIW2BuL5XFpIFV_!!0-item_pic.jpg,37￥ HU9046 HCHU3ZWsip3￥ https://m.tb.cn/h.g6hjrJd  拍3件 第3件0元 葡萄清爽便携漱口水约会清新口气洁净含漱液10,700+,50022517,孕妇装/孕产妇用品/营养,,28￥ ZH4920 r8km3ZWHYzG￥ https://m.tb.cn/h.g6hQrpk  拍3件 第3件0元 葡萄清爽便携漱口水约会清新口气洁净含漱液10,否,,,,,,,,,,是,,20,满49减20,单品券,妈妈渠道券,,,,,否,,,,,,,,,
WKVnOXPIot2na9Vq35tjBmTQta-vGGjj3aCB8Bxmpm7ug,英氏新生婴幼儿沐浴露洗发水,84226,YEEHOO/英氏,79,59,79,149.00,59,,英氏婴童洗护旗舰店,英氏婴幼儿沐浴露洗发水二合一新生儿童沐浴露宝宝洗发洗澡二合一,天然金盏花 一瓶两用,英氏新生婴幼儿沐浴露洗发水,http://img.alicdn.com/bao/uploaded/i2/2200552342840/O1CN01qr3AK71Wqlml52fTY_!!0-item_pic.jpg,37￥ CZ0000 1aBK3ZWsWXZ￥ https://m.tb.cn/h.gh7o4tB  英氏婴幼儿沐浴露洗发水二合一新生儿童沐浴露宝宝洗发洗澡二合一,10万+,50014812,婴童用品,,27￥ CZ3460 7iNe3ZWIWGP￥ https://m.tb.cn/h.g6hjiVi  英氏婴幼儿沐浴露洗发水二合一新生儿童沐浴露宝宝洗发洗澡二合一,否,,,,,,,,,,是,,20,满79减20,单品券,妈妈渠道券,,,,,否,,,,,,,,,
50dzgWOCxtyzR7AXYbh8MmfMtV-wGGJJDwCbnV2p0n7sD,偏爱小酸奶配置型混合味8袋饮品,84226,心迪妈妈,35.8,19.8,35.8,45.80,19.8,,心迪妈妈旗舰店,心迪妈妈我偏爱小酸奶常温130g袋装酸奶配置型含乳饮品混合味8袋,,偏爱小酸奶配置型混合味8袋饮品,http://img.alicdn.com/bao/uploaded/i2/2207713183614/O1CN01iA7g8b1cZGGoxLWWi_!!0-item_pic.jpg,09￥ CZ3458 hMEz3ZWHPIT￥ https://m.tb.cn/h.gh7LNfA  心迪妈妈我偏爱小酸奶常温130g袋装酸奶配置型含乳饮品混合味8袋,1000+,35,奶粉/辅食/营养品/零食,,69￥ CZ0002 oL3B3ZWs9Nx￥ https://m.tb.cn/h.gh7Lupp  心迪妈妈我偏爱小酸奶常温130g袋装酸奶配置型含乳饮品混合味8袋,否,,,,,,,,,,是,,,满35减15,单品券,妈妈渠道券,16,满30减16,单品券,妈妈渠道券,是,,,满200减30,店铺券,全网公开券,,满20减6,单品券,全网公开券
XDVMrweTGtXDgGkK9PTmBWIBtg-kZZYYyQS8pyNe0eXc5p,日本防叮防蚊贴儿童婴儿专用,84226,ribendingding,39.9,19.9,39.9,59.90,19.9,,ribendingding旗舰店,日本防叮防蚊贴儿童驱叮贴防叮神器宝宝防叮用品防叮儿童婴儿专用,日本叮叮防叮贴儿童驱叮贴防叮神器,日本防叮防蚊贴儿童婴儿专用,http://img.alicdn.com/bao/uploaded/i2/2211291292689/O1CN01ZZVqDh1VjbybXik7E_!!0-item_pic.jpg,69￥ MF7997 xczL3ZWHaFj￥ https://m.tb.cn/h.gh7L4EK  日本防叮防蚊贴儿童驱叮贴防叮神器宝宝防叮用品防叮儿童婴儿专用,400+,50014812,婴童用品,,68￥ MF6563 M2ph3ZWs6sr￥ https://m.tb.cn/h.g6slRll  日本防叮防蚊贴儿童驱叮贴防叮神器宝宝防叮用品防叮儿童婴儿专用,否,,,,,,,,,,是,,20,满30减20,单品券,妈妈渠道券,,,,,否,,,,,,,,,
b8AP67dHgtoMxwzmgGUN5bUQt6-Vqq55XZikBmrZ9RWtgO,乐米倍优海藻钙儿童液体,84226,乐米倍优,148,59,148,666.00,59,,乐米倍优母婴旗舰店,乐米倍优海藻钙婴幼儿宝宝儿童婴儿补钙天然液体钙非乳钙30粒每盒,,乐米倍优海藻钙儿童液体,http://img.alicdn.com/bao/uploaded/i4/2212755181870/O1CN01VU92el1PgVbpupz6P_!!2-item_pic.png,67￥ HU9046 RQNx3ZWIv1m￥ https://m.tb.cn/h.gh7o4GS  乐米倍优海藻钙婴幼儿宝宝儿童婴儿补钙天然液体钙非乳钙30粒每盒,1万+,35,奶粉/辅食/营养品/零食,,89￥ ZH4920 y6793ZWIERX￥ https://m.tb.cn/h.g6hQb7t  乐米倍优海藻钙婴幼儿宝宝儿童婴儿补钙天然液体钙非乳钙30粒每盒,否,,,,,,,,,,是,,89,满148减89,单品券,妈妈渠道券,,,,,是,,,满148减59,单品券,全网公开券,,,,
40kz3AqSgtNoBn3g95T705sNtg-P55qqdZsKmdoNWWasB,宝宝辅食有机核桃亚麻籽油125ML,84226,不二宝贝,42.8,26.8,42.8,99.00,26.8,,不二宝贝旗舰店,不二宝贝调和热炒油核桃牛油果亚麻籽油搭配宝宝婴幼儿食用辅食油,,宝宝辅食有机核桃亚麻籽油125ML,http://img.alicdn.com/bao/uploaded/i3/2212478319537/O1CN01CafhB22KK0FSD30B9_!!0-item_pic.jpg,99￥ HU0854 MMeQ3ZWH2My￥ https://m.tb.cn/h.gh7LkdO  不二宝贝调和热炒油核桃牛油果亚麻籽油搭配宝宝婴幼儿食用辅食油,2万+,35,奶粉/辅食/营养品/零食,,79￥ CZ3458 L5V83ZWII1z￥ https://m.tb.cn/h.g6sPAr3  不二宝贝调和热炒油核桃牛油果亚麻籽油搭配宝宝婴幼儿食用辅食油,否,,,,,,,,,,是,,16,满40减16,单品券,妈妈渠道券,,,,,是,,,满40减3,单品券,全网公开券,,,,
VDV4yvBH6tweYMm4p8Uk6gfvtV-Rrr44BZSV2MZmvODh6g,,84226,YEEHOO/英氏,29.9,19.9,29.9,309.00,19.9,,英氏婴童洗护旗舰店,英氏艾叶凝露儿童面霜夏季婴儿补水保湿宝宝太空面霜清爽晒后舒护,冰凉清爽，晒后急救，舒护燥热肌,,http://img.alicdn.com/bao/uploaded/i1/2200552342840/O1CN01wmGDEn1WqlnRKPMvq_!!0-item_pic.jpg,78￥ HU0025 oKSq3ZWIUOP￥ https://m.tb.cn/h.g6sOYOY  英氏艾叶凝露儿童面霜夏季婴儿补水保湿宝宝太空面霜清爽晒后舒护,20万+,50014812,婴童用品,,18￥ CZ3460 P8Ge3ZWHPVe￥ https://m.tb.cn/h.g6hjrre  英氏艾叶凝露儿童面霜夏季婴儿补水保湿宝宝太空面霜清爽晒后舒护,否,,,,,,,,,,是,,10,满29减10,单品券,妈妈渠道券,,,,,否,,,,,,,,,
XDVMrwNtGtXDgGkK9PTmOZiBtg-7YYOOJmCw5nmnGzdtVV,,84226,洛颜（床上用品）,139.9,29.9,139.9,139.90,29.9,,洛颜旗舰店,艾草纤维枕 家用防螨抑菌宿舍可水洗枕芯单双人护颈椎助睡眠枕头,,,http://img.alicdn.com/bao/uploaded/i3/2218173422399/O1CN01w739KI1Tan82plXlY_!!0-item_pic.jpg,69￥ CZ0015 uWMO3ZWsnnB￥ https://m.tb.cn/h.gh7oAjh  艾草纤维枕 家用防螨抑菌宿舍可水洗枕芯单双人护颈椎助睡眠枕头,27,50014812,婴童用品,,79￥ CZ0002 Xv8L3ZWIwJ4￥ https://m.tb.cn/h.gh7oTzf  艾草纤维枕 家用防螨抑菌宿舍可水洗枕芯单双人护颈椎助睡眠枕头,否,,,,,,,,,,是,,,满139减100,单品券,妈妈渠道券,110,满139减110,单品券,妈妈渠道券,否,,,,,,,,,
90NR85RFBtOMdnxq48tnzxtQt6-pGGooDOCRDkB78KQS4,虫草奢宠润泽精华霜遮瑕面霜,84226,俊蔻,109.9,19.9,109.9,109.90,19.9,9.97,俊蔻旗舰店,洛凡美皙麒麟竭虫草龙血膏贵妇膏奢宠润泽遮瑕精华面霜补水提亮,,虫草奢宠润泽精华霜遮瑕面霜,http://img.alicdn.com/bao/uploaded/i3/2216746347633/O1CN01YkCwEf26Fy52Mgr0m_!!0-item_pic.jpg,47￥ CZ0015 yF6Q3ZWInG3￥ https://m.tb.cn/h.g6hQrKm  洛凡美皙麒麟竭虫草龙血膏贵妇膏奢宠润泽遮瑕精华面霜补水提亮,800+,50022517,孕妇装/孕产妇用品/营养,,97￥ MF7997 MmMc3ZWsPKQ￥ https://m.tb.cn/h.gTztRcI  洛凡美皙麒麟竭虫草龙血膏贵妇膏奢宠润泽遮瑕精华面霜补水提亮,否,,,,,,,,,,是,,90,满109减90,单品券,妈妈渠道券,,,,,否,,,,,,,,,
gp57kqpi3t2ZX6bA5Nt26etatr-5YYRRJ2CWrnz0zyaSNZ,,84226,小象恩科,29.9,19.9,29.9,29.90,19.9,,小象恩科旗舰店,迪士尼新生婴儿抱被初生包被纯棉春秋夏季包单小宝宝产房包巾薄款,,,http://img.alicdn.com/bao/uploaded/i3/2214772442925/O1CN01NLQcRi1XThKG3ELG8_!!0-item_pic.jpg,97￥ CZ0012 IMoC3ZWIyMq￥ https://m.tb.cn/h.g6hjbNT  迪士尼新生婴儿抱被初生包被纯棉春秋夏季包单小宝宝产房包巾薄款,7000+,50014812,婴童用品,,59￥ HU0854 RJHQ3ZWHTtz￥ https://m.tb.cn/h.g6h8z7X  迪士尼新生婴儿抱被初生包被纯棉春秋夏季包单小宝宝产房包巾薄款,否,,,,,,,,,,是,,10,满20减10,单品券,妈妈渠道券,,,,,否,,,,,,,,,
kxMkXd7FYtaPeQgGpxFg29tPtJ-mGGRRD9C799BWAxvSBg,,84226,G.DUCKKIDS,49.9,19.9,49.9,49.90,19.9,16.63,G Duck kids香港小黄鸭,G DUCK小黄鸭短袖t恤男女童2024新款洋气儿童夏款纯棉体恤打底衫,,,http://img.alicdn.com/bao/uploaded/i4/2209886699354/O1CN01dhYXhP2IyBcbFycT3_!!2209886699354.jpg,77￥ MF3543 mw1f3ZWHlfv￥ https://m.tb.cn/h.g6sPs5B  G DUCK小黄鸭短袖t恤男女童2024新款洋气儿童夏款纯棉体恤打底衫,3000+,50008165,童装/婴儿装/亲子装,,17￥ CZ3460 Whar3ZWIm3x￥ https://m.tb.cn/h.g6h8DeU  G DUCK小黄鸭短袖t恤男女童2024新款洋气儿童夏款纯棉体恤打底衫,否,,,,,,,,,,是,,30,满49减30,单品券,妈妈渠道券,,,,,是,,,满49减30,单品券,全网公开券,,,,
BJPerQ3c6t8v2mY40ytr68Hrte-5YYRRJ2CWb8BAdoZI5,不二宝贝山楂甜甜圈儿童零食,84226,不二宝贝,39.8,22.8,39.8,129.00,22.8,,不二宝贝旗舰店,不二宝贝山楂棒棒糖水果条鸡内金儿童零食送无添加婴儿宝宝食谱,,不二宝贝山楂甜甜圈儿童零食,http://img.alicdn.com/bao/uploaded/i1/2212478319537/O1CN013SFnFc2KK0FGvXAPR_!!0-item_pic.jpg,87￥ CZ0002 MXkf3ZWs57n￥ https://m.tb.cn/h.g6slIBf  不二宝贝山楂棒棒糖水果条鸡内金儿童零食送无添加婴儿宝宝食谱,9万+,35,奶粉/辅食/营养品/零食,,47￥ CZ0002 FLO93ZWIj3e￥ https://m.tb.cn/h.g6slkJ5  不二宝贝山楂棒棒糖水果条鸡内金儿童零食送无添加婴儿宝宝食谱,否,,,,,,,,,,是,,17,满39减17,单品券,妈妈渠道券,,,,,是,,,满20减10,单品券,全网公开券,,,,
axNPQ5DIotMrOBbDqYCD30ijty-KAA773ZHjyDVoxkXTp,【满300-160】高蛋白黑猪午餐肉,84226,不二宝贝,32.8,24.8,32.8,88.00,24.8,,不二宝贝旗舰店,不二宝贝儿童黑猪肉午餐肉早餐无添加专用搭配宝宝速熟辅食罐头A,,【满300-160】高蛋白黑猪午餐肉,http://img.alicdn.com/bao/uploaded/i3/2212478319537/O1CN0136rGxf2KK0FPESNac_!!0-item_pic.jpg,58￥ HU9196 i9eu3ZWIHjW￥ https://m.tb.cn/h.gTztdlv  不二宝贝儿童黑猪肉午餐肉早餐无添加专用搭配宝宝速熟辅食罐头A,200+,35,奶粉/辅食/营养品/零食,,47￥ CZ3460 iaAl3ZWIPYU￥ https://m.tb.cn/h.g6slxfr  不二宝贝儿童黑猪肉午餐肉早餐无添加专用搭配宝宝速熟辅食罐头A,否,,,,,,,,,,是,,8,满30减8,单品券,妈妈渠道券,,满30减8,单品券,妈妈渠道券,是,,,满20减3,单品券,全网公开券,,,,
60wzkxrU8tG72A0yz5irRGSot3-KAA773ZHjdROXgkjtv,,84226,乐米倍优,148,59,148,888.00,59,,乐米倍优母婴旗舰店,乐米倍优婴液幼儿体钙宝儿成长钙宝有机童海藻钙青少年非乳钙滴剂,,,http://img.alicdn.com/bao/uploaded/i1/2212755181870/O1CN01DsaNbB1PgVbrokjam_!!0-item_pic.jpg,57￥ HU0854 il2h3ZWIAet￥ https://m.tb.cn/h.gh7opqN  乐米倍优婴液幼儿体钙宝儿成长钙宝有机童海藻钙青少年非乳钙滴剂,1万+,35,奶粉/辅食/营养品/零食,,88￥ MF7997 HY8Z3ZWsAao￥ https://m.tb.cn/h.gh7MATz  乐米倍优婴液幼儿体钙宝儿成长钙宝有机童海藻钙青少年非乳钙滴剂,否,,,,,,,,,,是,,89,满148减89,单品券,妈妈渠道券,,,,,是,,,满148减59,单品券,全网公开券,,,,
d5xq3PZtZt32XbVZywtozQiet3-MxxMMdZuVbawe4bVURV,洗发露控油清爽柔顺润滑,84226,梁客,129.9,59.9,129.9,129.90,59.9,13.3,梁客旗舰店,梁客AD'VIN洗发露清爽润滑修护控油柔顺补水大瓶男女士洗发水q,,洗发露控油清爽柔顺润滑,http://img.alicdn.com/bao/uploaded/i3/3887089883/O1CN01WXaCWF2MsT57JeP2E_!!0-item_pic.jpg,78￥ HU0854 ifNa3ZWssrA￥ https://m.tb.cn/h.gh7LkWR  梁客AD'VIN洗发露清爽润滑修护控油柔顺补水大瓶男女士洗发水q,900+,50022517,孕妇装/孕产妇用品/营养,,57￥ CZ8908 MP5h3ZWHUd2￥ https://m.tb.cn/h.g6sPAI6  梁客AD'VIN洗发露清爽润滑修护控油柔顺补水大瓶男女士洗发水q,否,,,,,,,,,,是,,70,满129减70,单品券,妈妈渠道券,,,,,否,,,,,,,,,
K4n95oJc3to8vDa75BUpvQfJtW-yGG99DpC6ozBqd20Uq,洗发露柔顺正品持久留香滋润梁客,84226,梁客（洗护）,119,29,119,129.90,29,9.63,唯美精致生活馆,AD'VIN洗发露柔顺洗发水正品持久留香滋润f 梁客旗舰店PSKD洗发水,,洗发露柔顺正品持久留香滋润梁客,http://img.alicdn.com/bao/uploaded/i2/3020017001/O1CN01P6wIs721aVcRbD9PW_!!0-item_pic.jpg,27￥ CZ0001 XziG3ZWsljW￥ https://m.tb.cn/h.g6sOk7k  AD'VIN洗发露柔顺洗发水正品持久留香滋润f 梁客旗舰店PSKD洗发水,400+,50022517,孕妇装/孕产妇用品/营养,,99￥ CA6496 jEF43ZWIDk6￥ https://m.tb.cn/h.g6hjz40  AD'VIN洗发露柔顺洗发水正品持久留香滋润f 梁客旗舰店PSKD洗发水,否,,,,,,,,,,是,,90,满95减90,单品券,妈妈渠道券,,,,,是,,,满95减90,单品券,全网公开券,,,,
50dzgWasxtyzR7AXYbh8wxTMtV-6YYggJ4CywqXqJ9wSW,宫佩贵妇膏明星同款珍珠膏素颜霜,84226,宫佩,119.9,49.9,119.9,119.90,49.9,13.3,宫佩旗舰店,宫佩旗舰店官网正品贵妇膏明星同款珍珠膏素颜霜保湿修护面霜女x,,宫佩贵妇膏明星同款珍珠膏素颜霜,http://img.alicdn.com/bao/uploaded/i1/3682611280/O1CN01c1ut9S1LKHs5vhC7W_!!0-item_pic.jpg,08￥ CA6496 1mBQ3ZWHll2￥ https://m.tb.cn/h.g6sOk7o  宫佩旗舰店官网正品贵妇膏明星同款珍珠膏素颜霜保湿修护面霜女x,100+,50022517,孕妇装/孕产妇用品/营养,,67￥ HU9046 aDfl3ZWshau￥ https://m.tb.cn/h.gh7odJA  宫佩旗舰店官网正品贵妇膏明星同款珍珠膏素颜霜保湿修护面霜女x,否,,,,,,,,,,是,,70,满119减70,单品券,妈妈渠道券,,,,,否,,,,,,,,,
pRQyX2Qixt6Kobe3nDiZV0cptm-yGG99DpC6BYZp7oPH2,ERUYN轻享水润隔离防晒霜,84226,ERUYN,89.9,39.9,89.9,89.90,39.9,13.3,eruyn旗舰店,ERUYN轻享水润隔离防晒霜持久不脱妆遮瑕面部户外军训A,,ERUYN轻享水润隔离防晒霜,http://img.alicdn.com/bao/uploaded/i3/2208691337043/O1CN01Ew2tjo21tkJKod8A5_!!0-item_pic.jpg,89￥ CZ0002 u2hA3ZWIhIa￥ https://m.tb.cn/h.gh7opJY  ERUYN轻享水润隔离防晒霜持久不脱妆遮瑕面部户外军训A,79,50022517,孕妇装/孕产妇用品/营养,,29￥ CZ0016 NDik3ZWIQso￥ https://m.tb.cn/h.g6hj99L  ERUYN轻享水润隔离防晒霜持久不脱妆遮瑕面部户外军训A,否,,,,,,,,,,是,,50,满85减50,单品券,妈妈渠道券,,,,,否,,,,,,,,,
50dzgWrhxtyzR7AXYbh8V6cMtV-rGGjjD4CM7jKprA3C8,洗发露控油清爽柔顺润滑,84226,梁客,129.9,59.9,129.9,129.90,59.9,13.3,梁客旗舰店,梁客AD'VIN洗发露控油清爽柔顺润滑修护大瓶男女士洗发水m,,洗发露控油清爽柔顺润滑,http://img.alicdn.com/bao/uploaded/i1/3887089883/O1CN01gLYmJ62MsT58387PH_!!0-item_pic.jpg,47￥ CZ0000 gaCG3ZWIGai￥ https://m.tb.cn/h.g6slNri  梁客AD'VIN洗发露控油清爽柔顺润滑修护大瓶男女士洗发水m,1000+,50022517,孕妇装/孕产妇用品/营养,,17￥ MF7997 90aG3ZWInaA￥ https://m.tb.cn/h.gh7okg1  梁客AD'VIN洗发露控油清爽柔顺润滑修护大瓶男女士洗发水m,否,,,,,,,,,,是,,70,满129减70,单品券,妈妈渠道券,,,,,否,,,,,,,,,
axNPQ5WhotMrOBbDqYCD36cjty-oGGooDVCBJNApYjKsJJ,人之初婴儿纯棉护肚蝴蝶衣绑带,84226,人之初,28.9,20.9,28.9,90.00,20.9,,人之初母婴旗舰,婴儿纯棉护肚蝴蝶衣宝宝绑带月子服新生儿和尚服3个月连体衣春秋0,,人之初婴儿纯棉护肚蝴蝶衣绑带,http://img.alicdn.com/bao/uploaded/i4/1986479298/O1CN013RcA3p2IYXYL3xOg1_!!0-item_pic.jpg,58￥ MF3543 W1gx3ZWHPV8￥ https://m.tb.cn/h.gh7oRW0  婴儿纯棉护肚蝴蝶衣宝宝绑带月子服新生儿和尚服3个月连体衣春秋0,3000+,50008165,童装/婴儿装/亲子装,,07￥ HU9196 gy7d3ZWsM7U￥ https://m.tb.cn/h.g6slIzT  婴儿纯棉护肚蝴蝶衣宝宝绑带月子服新生儿和尚服3个月连体衣春秋0,否,,,,,,,,,,是,,8,满28减8,店铺券,妈妈渠道券,,,,,否,,,,,,,,,
8QpqxbAunt9PZRBybwtqngIbt8-ekkbbyPcG4qaJd6PHzo,贝蜜儿蓝钻乳铁蛋白20袋,84226,Babymier/贝蜜儿,129.9,39.9,129.9,399.00,39.9,,babymier贝蜜儿旗舰店,【秒杀】贝蜜儿蓝钻乳铁蛋白免疫球蛋白送儿童婴幼儿营养补充品,,贝蜜儿蓝钻乳铁蛋白20袋,http://img.alicdn.com/bao/uploaded/i3/2206587694943/O1CN01CzdTTv1mNwhiiffkf_!!0-item_pic.jpg,79￥ CZ8908 DZKQ3ZWIwJ9￥ https://m.tb.cn/h.gh7oxfM  【秒杀】贝蜜儿蓝钻乳铁蛋白免疫球蛋白送儿童婴幼儿营养补充品,2万+,35,奶粉/辅食/营养品/零食,,58￥ MF6563 tZHn3ZWsBzg￥ https://m.tb.cn/h.gTzHWa7  【秒杀】贝蜜儿蓝钻乳铁蛋白免疫球蛋白送儿童婴幼儿营养补充品,否,,,,,,,,,,是,,90,满129减90,单品券,妈妈渠道券,,,,,是,,,满200减30,店铺券,全网公开券,,满400减50,店铺券,全网公开券
BJPerQ9h6t8v2mY40ytr6afrte-9YYbbwkCO8jRkZyJue,婴儿睡袋多款可选秋冬,84226,母婴坊,89.9,15.9,89.9,109.90,15.9,,母婴坊母婴旗舰店,婴儿睡袋春夏宝宝睡袍长袖分腿加厚睡衣新生儿拉链式多功能防踢被,,婴儿睡袋多款可选秋冬,http://img.alicdn.com/bao/uploaded/i2/2678130119/O1CN016LbsF71CkY5Wh5If0_!!0-item_pic.jpg,09￥ CZ0000 gKob3ZWsD0X￥ https://m.tb.cn/h.gTztYhW  婴儿睡袋春夏宝宝睡袍长袖分腿加厚睡衣新生儿拉链式多功能防踢被,1000+,50014812,婴童用品,,27￥ CZ0012 zibH3ZWshGr￥ https://m.tb.cn/h.gh7opJM  婴儿睡袋春夏宝宝睡袍长袖分腿加厚睡衣新生儿拉链式多功能防踢被,否,,,,,,,,,,是,,74,满80减74,单品券,妈妈渠道券,,,,,否,,,,,,,,,
rRw3omQTOtVK5pwPy0fe98sqtZ-pGGooDOCRX5koXR8FjP,小鹿蓝蓝可吸果冻0脂0明胶0色素,84226,小鹿蓝蓝,29.9,19.9,29.9,99.00,19.9,,小鹿蓝蓝旗舰店,小鹿蓝蓝蒟蒻果冻_益生菌吸吸果汁果冻0脂0明胶0色素儿童零食品牌,,小鹿蓝蓝可吸果冻0脂0明胶0色素,http://img.alicdn.com/bao/uploaded/i1/2208170228854/O1CN01b1r7Fo2FHBjDDQlXT_!!0-item_pic.jpg,59￥ MF3543 eGKG3ZWIV86￥ https://m.tb.cn/h.gTzHfef  小鹿蓝蓝蒟蒻果冻_益生菌吸吸果汁果冻0脂0明胶0色素儿童零食品牌,9000+,35,奶粉/辅食/营养品/零食,,58￥ CZ0016 yUUl3ZWIepX￥ https://m.tb.cn/h.gh7Lk3M  小鹿蓝蓝蒟蒻果冻_益生菌吸吸果汁果冻0脂0明胶0色素儿童零食品牌,否,,,,,,,,,,是,,10,满29减10,单品券,妈妈渠道券,,,,,否,,,,,,,,,
d5xq3PgTZt32XbVZywtozzSet3-YQQmm0wUBbaM34P3IRX,英氏婴幼儿夏季面霜宝宝早晚面霜,84226,YEEHOO/英氏,29.9,19.9,29.9,99.00,19.9,,英氏婴童洗护旗舰店,英氏坚果霜太空凝露婴儿面霜儿童夏季滋润补水保湿身体乳旅行装,晒后救急 一抹爆水舒缓干燥肌,英氏婴幼儿夏季面霜宝宝早晚面霜,http://img.alicdn.com/bao/uploaded/i4/2200552342840/O1CN01xf9Uji1WqlljgJRr6_!!0-item_pic.jpg,08￥ CZ3452 DfCB3ZWISUo￥ https://m.tb.cn/h.g6sPNyR  英氏坚果霜太空凝露婴儿面霜儿童夏季滋润补水保湿身体乳旅行装,3万+,50014812,婴童用品,,78￥ CZ0015 r91s3ZWIAry￥ https://m.tb.cn/h.g6hjT1Q  英氏坚果霜太空凝露婴儿面霜儿童夏季滋润补水保湿身体乳旅行装,否,,,,,,,,,,是,,10,满29减10,单品券,妈妈渠道券,,,,,是,,,满59减10,单品券,全网公开券,,,,
axNPQ50iotMrOBbDqYCDOyHjty-wGGJJDwCQXk7X6RkIx,QDQ希腊酸奶细护保湿面膜,84226,QDQ（美妆）,129.9,29.9,129.9,129.90,29.9,9.97,qdq旗舰店,拍3件 QDQ希腊酸奶细护保湿面膜补水保湿深层清洁涂抹式男女正品B,,QDQ希腊酸奶细护保湿面膜,http://img.alicdn.com/bao/uploaded/i3/2200805199604/O1CN01D66e7M2Koggf3hskT_!!0-item_pic.jpg,68￥ HU9046 tlSx3ZWsrx4￥ https://m.tb.cn/h.g6hjT1O  拍3件 QDQ希腊酸奶细护保湿面膜补水保湿深层清洁涂抹式男女正品B,100+,50014812,婴童用品,,78￥ CZ3456 BqTL3ZWsYxo￥ https://m.tb.cn/h.g6hQLlb  拍3件 QDQ希腊酸奶细护保湿面膜补水保湿深层清洁涂抹式男女正品B,否,,,,,,,,,,是,,100,满129减100,单品券,妈妈渠道券,,,,,否,,,,,,,,,
MkV9zajfKtXGYmk4n3TY6MUQtA-wGGJJDwCQPeP9NQyFN,LUKI儿童护目镜户外运动太阳眼镜,84226,LUKI/鲁奇,309.0,309,329,349.00,309,299.13,鲁奇眼镜旗舰店,Luki鲁奇儿童墨镜男女童宝宝太阳镜户外运动轮滑防风护目镜3-11岁,①UV420②PC安全镜片③记忆镜架,LUKI儿童护目镜户外运动太阳眼镜,http://img.alicdn.com/bao/uploaded/i2/3252793071/O1CN011dg6fb1YYZGUnI5z7_!!0-item_pic.jpg,29￥ MF6563 GN063ZWIRwz￥ https://m.tb.cn/h.g6sOYNk  Luki鲁奇儿童墨镜男女童宝宝太阳镜户外运动轮滑防风护目镜3-11岁,1000+,50008165,童装/婴儿装/亲子装,,17￥ CZ0002 ZAu73ZWHbqM￥ https://m.tb.cn/h.gTztx3s  Luki鲁奇儿童墨镜男女童宝宝太阳镜户外运动轮滑防风护目镜3-11岁,否,,,,,,,,,,是,,,满199减10,店铺券,妈妈渠道券,,满299减20,店铺券,妈妈渠道券,是,,,满199减10,店铺券,全网公开券,20,满299减20,店铺券,全网公开券
pRQyX2zUxt6Kobe3nDiZpxSptm-Obb88dZSZGDK0OmYH8e,红色小象儿童洗发水洗发露氨基酸,84226,红色小象,59,44,59,99.00,44,,红色小象旗舰店,红色小象儿童氨基酸洗发水女孩宝宝洗发露男童洗头膏3-15岁专用,无硅油配方，专为3岁以上儿童研制,红色小象儿童洗发水洗发露氨基酸,http://img.alicdn.com/bao/uploaded/i3/2707252427/O1CN013Oow2E1TncDkIZ57H_!!0-item_pic.jpg,19￥ CZ3452 DXiY3ZWsV4M￥ https://m.tb.cn/h.g6hjT1G  红色小象儿童氨基酸洗发水女孩宝宝洗发露男童洗头膏3-15岁专用,4000+,50014812,婴童用品,,37￥ CZ3456 MIfM3ZWIugj￥ https://m.tb.cn/h.g6hj2HK  红色小象儿童氨基酸洗发水女孩宝宝洗发露男童洗头膏3-15岁专用,否,,,,,,,,,,是,,15,满49减15,单品券,妈妈渠道券,,,,,是,,,满69减20,单品券,全网公开券,,,,
wRWZqj0ugtDB9J3KeYi5gktbtd-W00gg4ZfQJVzNZgYt7,小鹿蓝蓝清润梨汁0糖0脂,84226,小鹿蓝蓝,46.9,36.9,46.9,59.00,36.9,,小鹿蓝蓝旗舰店,【小鹿蓝蓝_清润梨汁】梨汁饮品果蔬汁饮料0糖0脂儿童零食品牌,,小鹿蓝蓝清润梨汁0糖0脂,http://img.alicdn.com/bao/uploaded/i2/2208170228854/O1CN01eioIeF2FHBjbyT1cd_!!2208170228854.jpg,09￥ CA6496 5SxQ3ZWsHf4￥ https://m.tb.cn/h.g6slNIf  【小鹿蓝蓝_清润梨汁】梨汁饮品果蔬汁饮料0糖0脂儿童零食品牌,2000+,35,奶粉/辅食/营养品/零食,,28￥ CA6496 JvKf3ZWIBiC￥ https://m.tb.cn/h.g6slIAX  【小鹿蓝蓝_清润梨汁】梨汁饮品果蔬汁饮料0糖0脂儿童零食品牌,否,,,,,,,,,,是,,10,满46减10,单品券,妈妈渠道券,,,,,否,,,,,,,,,
8QpqxbrInt9PZRBybwtqdQCbt8-0YY66gdCBddzpy7Mc0,NEO宝宝复合维生素26种营养挑食,84226,neopeques,139,114,139,288.00,114,105.65,NEOPEQUES海外旗舰店,NEO婴幼儿童复合维生素D3宝宝多维补锌营养液b族VC钙铁增强抵抗力,婴儿宝宝全面营养补充，身体壮胃口好少生病,NEO宝宝复合维生素26种营养挑食,http://img.alicdn.com/bao/uploaded/i1/2216086062602/O1CN018Q6FlG1V5lWuvagCE_!!0-item_pic.jpg,88￥ HU9046 0O113ZWIBiB￥ https://m.tb.cn/h.gh7o4vT  NEO婴幼儿童复合维生素D3宝宝多维补锌营养液b族VC钙铁增强抵抗力,700+,35,奶粉/辅食/营养品/零食,,28￥ CZ3460 RTne3ZWHmnD￥ https://m.tb.cn/h.gTzHYGi  NEO婴幼儿童复合维生素D3宝宝多维补锌营养液b族VC钙铁增强抵抗力,否,,,,,,,,,,是,,25,满110减25,店铺券,妈妈渠道券,,,,,是,,,满98减10,店铺券,全网公开券,,,,
gp57kqMt3t2ZX6bA5Nt2nAhatr-JNNzzkZtayOk6dzNiq,产后收腹带修复瘦身束腰孕妇束缚,84226,HYILR,35,20,35,135.00,20,18.95,hyilr旗舰店,产后收腹带修复瘦身束腰孕妇束缚收盆骨月子束腹带顺产剖腹产专用,收藏+加购 送运费险 优先发货,产后收腹带修复瘦身束腰孕妇束缚,http://img.alicdn.com/bao/uploaded/i1/3555031031/O1CN01WtUBfn1JUF9Ui05Ut_!!0-item_pic.jpg,68￥ CZ0002 dd683ZWs6Pa￥ https://m.tb.cn/h.g6hQ2oj  产后收腹带修复瘦身束腰孕妇束缚收盆骨月子束腹带顺产剖腹产专用,400+,50022517,孕妇装/孕产妇用品/营养,,39￥ CA6496 h78y3ZWHcOu￥ https://m.tb.cn/h.g6sOIAk  产后收腹带修复瘦身束腰孕妇束缚收盆骨月子束腹带顺产剖腹产专用,否,,,,,,,,,,是,,15,满30减15,单品券,妈妈渠道券,,,,,否,,,,,,,,,
BJPerQdC6t8v2mY40ytrWyirte-AYYoobZCK07RGojJiYz,优上儿童面霜夏季清爽婴儿宝宝霜,84226,,79,59,79,109.00,59,,优上旗舰店,优上儿童面霜夏季清爽婴儿宝宝啫喱擦脸霜保湿滋润润肤乳补水春夏,舒缓退红，深层补水保湿,优上儿童面霜夏季清爽婴儿宝宝霜,http://img.alicdn.com/bao/uploaded/i4/2214369604104/O1CN016J39BT1gBgQ8TjPWi_!!2214369604104.jpg,77￥ CZ3452 GqT53ZWIP6I￥ https://m.tb.cn/h.gh7oxUJ  优上儿童面霜夏季清爽婴儿宝宝啫喱擦脸霜保湿滋润润肤乳补水春夏,600+,50014812,婴童用品,,78￥ HU0854 VQQu3ZWHm6v￥ https://m.tb.cn/h.g6hQgzr  优上儿童面霜夏季清爽婴儿宝宝啫喱擦脸霜保湿滋润润肤乳补水春夏,否,,,,,,,,,,是,,20,满59减20,店铺券,妈妈渠道券,,,,,是,,,满48减10,单品券,全网公开券,,,,
7Zezv86t4t5m96pOeoUz98fMtV-qGGzzD2CnrqPQMw9uoM,爱益森婴童益生菌吃饭香便便正常,84226,爱益森,29.8,10.8,29.8,143.00,10.8,,爱益森旗舰店,爱益森益生菌粉加婴幼儿儿童宝宝可用菌株MP108新生肠胃道非调理,爱益森小橙益生菌添加婴幼儿可用菌株MP108,爱益森婴童益生菌吃饭香便便正常,http://img.alicdn.com/bao/uploaded/i3/2209503213131/O1CN0110nAbQ1Z033ACw5cs_!!0-item_pic.jpg,37￥ CZ0000 wr5Z3ZWsqTv￥ https://m.tb.cn/h.g6hjrH8  爱益森益生菌粉加婴幼儿儿童宝宝可用菌株MP108新生肠胃道非调理,5万+,35,奶粉/辅食/营养品/零食,,49￥ MF3543 qbpL3ZWI8Ks￥ https://m.tb.cn/h.g6sOYna  爱益森益生菌粉加婴幼儿儿童宝宝可用菌株MP108新生肠胃道非调理,否,,,,,,,,,,是,,,满26减16,单品券,妈妈渠道券,19,满29减19,单品券,妈妈渠道券,是,,,满448减149,单品券,全网公开券,,满896减300,单品券,全网公开券
8QpqxbYunt9PZRBybwtqDXIbt8-Vqq55XZikP5OAmPeHy,,84226,Caramella/卡拉美拉,29.9,19.9,29.9,29.90,19.9,18.91,Caramella卡拉美拉旗舰店,蝴蝶结公主袜夏季薄款女童袜子透气网眼袜纯白小女孩儿童棉袜短袜,,,http://img.alicdn.com/bao/uploaded/i2/1136546408/O1CN010j4Yvx1xCux5Nq1R7_!!0-item_pic.jpg,67￥ MF1643 i60R3ZWsBef￥ https://m.tb.cn/h.g6hjGxw  蝴蝶结公主袜夏季薄款女童袜子透气网眼袜纯白小女孩儿童棉袜短袜,100+,50008165,童装/婴儿装/亲子装,,89￥ HU0025 9CY63ZWs3yY￥ https://m.tb.cn/h.gTzHk83  蝴蝶结公主袜夏季薄款女童袜子透气网眼袜纯白小女孩儿童棉袜短袜,否,,,,,,,,,,是,,10,满25减10,单品券,妈妈渠道券,,满35减5,店铺券,妈妈渠道券,否,,,,,,,,,
n50nXVAcMt3qom7YOXtN52C0tP-Rrr44BZSV3zqX8mNIG,,84226,芷雨（居家布艺）,10.9,5.9,10.9,28.90,5.9,,芷雨旗舰店,芷雨婴儿湿巾纸新生手口专用屁宝宝幼儿童湿纸巾家用实惠装大包,,,http://img.alicdn.com/bao/uploaded/i1/2215779042648/O1CN013TdD3u1VQpjCzdPgI_!!0-item_pic.jpg,08￥ CZ0015 D41X3ZWHnRp￥ https://m.tb.cn/h.gTzHIvZ  芷雨婴儿湿巾纸新生手口专用屁宝宝幼儿童湿纸巾家用实惠装大包,2万+,50014812,婴童用品,,87￥ CZ0002 ECPI3ZWsiXA￥ https://m.tb.cn/h.g6hjDYi  芷雨婴儿湿巾纸新生手口专用屁宝宝幼儿童湿纸巾家用实惠装大包,否,,,,,,,,,,是,,5,满10减5,单品券,妈妈渠道券,,,,,是,,,满8减3,单品券,全网公开券,,,,
O4VKQjjuzt6q2my07Qiq2OfMtJ-g66JJjyup0e6gAeYSY,大嘴猴男童短袖睡衣套装,84226,Paul Frank/大嘴猴,59.9,29.9,59.9,89.00,29.9,,大嘴猴基达专卖店,大嘴猴2024年夏季新款男女童短袖睡衣套装薄款透气中童儿童家居服,100%棉,大嘴猴男童短袖睡衣套装,http://img.alicdn.com/bao/uploaded/i4/2215071630159/O1CN01D9Sl021D2rtdNJCKB_!!0-item_pic.jpg,48￥ CZ8908 lnwl3ZWIGtj￥ https://m.tb.cn/h.g6sPFPb  大嘴猴2024年夏季新款男女童短袖睡衣套装薄款透气中童儿童家居服,400+,50008165,童装/婴儿装/亲子装,,09￥ CZ3452 hULa3ZWsXtn￥ https://m.tb.cn/h.gh7LYLB  大嘴猴2024年夏季新款男女童短袖睡衣套装薄款透气中童儿童家居服,否,,,,,,,,,,是,,30,满59减30,单品券,妈妈渠道券,,,,,否,,,,,,,,,
Na39QKrf5tGQ9dNnwqi7aMCRtB-Rrr44BZSVax79davf6j,亚瑟贝拉儿童酸奶饮品4袋,84226,Arthur & Bella/亚瑟贝拉,49.8,19.8,49.8,69.00,19.8,18.81,天猫超市,亚瑟贝拉儿童酸奶小孩维生素宝宝零食生牛奶乳婴儿常温奶100g*4袋,,亚瑟贝拉儿童酸奶饮品4袋,http://img.alicdn.com/bao/uploaded/i4/6000000004096/O1CN01b6Okox1g81FnHg0HT_!!6000000004096-0-sm.jpg,89￥ HU9046 0Hzr3ZWHMeZ￥ https://m.tb.cn/h.gTzHNm9  亚瑟贝拉儿童酸奶小孩维生素宝宝零食生牛奶乳婴儿常温奶100g*4袋,1000+,35,奶粉/辅食/营养品/零食,,17￥ CZ8908 ZqXP3ZWszkG￥ https://m.tb.cn/h.gTztIDh  亚瑟贝拉儿童酸奶小孩维生素宝宝零食生牛奶乳婴儿常温奶100g*4袋,否,,,,,,,,,,是,,20,满20.01减20,单品券,妈妈渠道券,,满20.01减20,单品券,妈妈渠道券,否,,,,,,,,,
K4n95oBs3to8vDa75BUpg0uJtW-zGGXXmNCowXjkvZPs5,不二宝贝冻干米饼A2β纯牛奶,84226,不二宝贝,20.8,20.8,29.8,99.00,20.8,,不二宝贝旗舰店,不二宝贝冻干米饼婴儿6个月宝宝零食无添加辅食磨牙棒溶豆饼干,,不二宝贝冻干米饼A2β纯牛奶,http://img.alicdn.com/bao/uploaded/i1/2212478319537/O1CN01ke54Ng2KK0FElwqcW_!!0-item_pic.jpg,87￥ HU9196 sf4L3ZWse3y￥ https://m.tb.cn/h.g6slpuv  不二宝贝冻干米饼婴儿6个月宝宝零食无添加辅食磨牙棒溶豆饼干,1万+,35,奶粉/辅食/营养品/零食,,98￥ CA6496 exEu3ZWI5Fx￥ https://m.tb.cn/h.gh7o6ZS  不二宝贝冻干米饼婴儿6个月宝宝零食无添加辅食磨牙棒溶豆饼干,否,,,,,,,,,,是,,,满66减18,单品券,妈妈渠道券,,,,,是,,9,满26减9,单品券,全网公开券,,,,
J429bwKcRtqdgPJwaKuO2rhvta-zGGXXmNCWj7b4q5vUz9,英氏儿童沐浴露洗发水二合一奶泡,84226,YEEHOO/英氏,49,39,49,229.00,39,,英氏婴童洗护旗舰店,英氏儿童沐浴露洗发水二合一婴儿宝宝洗发沐浴露泡泡浴小奶泡慕斯,绵密泡泡，趣享沐浴，让宝宝爱上洗澡,英氏儿童沐浴露洗发水二合一奶泡,http://img.alicdn.com/bao/uploaded/i3/2200552342840/O1CN01DmzobN1Wqllgyq6Se_!!0-item_pic.jpg,48￥ HU0854 mZJe3ZWsBe6￥ https://m.tb.cn/h.g6slsab  英氏儿童沐浴露洗发水二合一婴儿宝宝洗发沐浴露泡泡浴小奶泡慕斯,20万+,50014812,婴童用品,,78￥ CZ0001 swFP3ZWHVuM￥ https://m.tb.cn/h.gTzHW0h  英氏儿童沐浴露洗发水二合一婴儿宝宝洗发沐浴露泡泡浴小奶泡慕斯,否,,,,,,,,,,是,,,满198减39,单品券,妈妈渠道券,10,满49减10,单品券,妈妈渠道券,是,,,满109减10,单品券,全网公开券,,满279减30,单品券,全网公开券
jWPMk6qt0tJ5eP0q8gfJZOfJte-xGGjjDeC5n28oBMxTJA,澳兰黛准孕妇补水面膜热销千万片,84226,AOCILENDA/澳の兰黛,59,49,59,258.00,49,,澳兰黛旗舰店,澳兰黛准孕妇面膜专用补水女保湿滋润正品可用护肤品官方旗舰店,,澳兰黛准孕妇补水面膜热销千万片,http://img.alicdn.com/bao/uploaded/i1/2408090537/O1CN01M6fsd81FpzayZuEjk_!!0-item_pic.jpg,48￥ CZ0000 Hphc3ZWsdh3￥ https://m.tb.cn/h.gh7opIO  澳兰黛准孕妇面膜专用补水女保湿滋润正品可用护肤品官方旗舰店,3万+,50022517,孕妇装/孕产妇用品/营养,,07￥ ZH4920 DfFg3ZWIpJY￥ https://m.tb.cn/h.gTzH6fb  澳兰黛准孕妇面膜专用补水女保湿滋润正品可用护肤品官方旗舰店,否,,,,,,,,,,是,,10,满39减10,单品券,妈妈渠道券,,,,,否,,,,,,,,,
gp57ka2U3t2ZX6bA5Nt26KSatr-KAA773ZHjKkZ2rdZiN,小银块粉饼遮瑕修容粉饼,84226,Hotfit/韩婷风姿,119.9,19.9,119.9,119.90,19.9,,hotfit韩婷风姿旗舰店,小银块粉饼遮瑕修容干湿两用保湿干粉定妆散粉女持久粉饼,,小银块粉饼遮瑕修容粉饼,http://img.alicdn.com/bao/uploaded/i2/3031888092/O1CN01yjc3rZ29eBkh7PJjm_!!0-item_pic.jpg,97￥ CA6496 l3de3ZWIUG4￥ https://m.tb.cn/h.gh7opII  小银块粉饼遮瑕修容干湿两用保湿干粉定妆散粉女持久粉饼,200+,50022517,孕妇装/孕产妇用品/营养,,19￥ ZH4920 bLyS3ZWHcZ8￥ https://m.tb.cn/h.g6sOYns  小银块粉饼遮瑕修容干湿两用保湿干粉定妆散粉女持久粉饼,否,,,,,,,,,,是,,100,满101减100,单品券,妈妈渠道券,,,,,否,,,,,,,,,
Na39QAPS5tGQ9dNnwqi72ZTRtB-JNNzzkZta5Jpknnpux,护冻干粉化妆品套装正,84226,爱维雅（美妆）,459.9,59.9,459.9,459.90,59.9,,爱维雅旗舰店,EXGYAN  忆香缘 韩国进口原料羊胎素润护冻干粉化妆品套装正品D,,护冻干粉化妆品套装正,http://img.alicdn.com/bao/uploaded/i3/2216518331102/O1CN01LstEo01K0lMz6PK4T_!!0-item_pic.jpg,87￥ CZ8908 V01g3ZWHQcH￥ https://m.tb.cn/h.gTztxV8  EXGYAN  忆香缘 韩国进口原料羊胎素润护冻干粉化妆品套装正品D,300+,50022517,孕妇装/孕产妇用品/营养,,99￥ CZ3456 RfTa3ZWsc9k￥ https://m.tb.cn/h.gTzHA44  EXGYAN  忆香缘 韩国进口原料羊胎素润护冻干粉化妆品套装正品D,否,,,,,,,,,,是,,400,满450减400,单品券,妈妈渠道券,,,,,否,,,,,,,,,
08yzjqRi7t8mG7oyjDtqY4S2t6-daaJJyrHn7RgVGVwhWW,非凡贝贝百草芦荟特护膏湿痒护臀,84226,非凡贝贝,58,53,58,58.00,53,47.2,幼朵熊品牌店,非凡贝贝百草芦荟特护膏宝宝止痒祛痱护臀膏无激素非凡贝贝芦荟膏,,非凡贝贝百草芦荟特护膏湿痒护臀,http://img.alicdn.com/bao/uploaded/i2/2022895314/O1CN01I0fjQw1p7rbbERYdk_!!2022895314.jpg,99￥ CZ0001 NNL13ZWsbLo￥ https://m.tb.cn/h.g6hjzUm  非凡贝贝百草芦荟特护膏宝宝止痒祛痱护臀膏无激素非凡贝贝芦荟膏,600+,50014812,婴童用品,,18￥ HU0025 QtES3ZWsWDz￥ https://m.tb.cn/h.g6sPKdo  非凡贝贝百草芦荟特护膏宝宝止痒祛痱护臀膏无激素非凡贝贝芦荟膏,否,,,,,,,,,,是,,5,满50减5,店铺券,妈妈渠道券,,满3.01减3,店铺券,妈妈渠道券,是,,,满100减5,店铺券,全网公开券,,,,
AGrw06wHzt4OPq57QWtJGzTvtn-4YYqqJOCyZpmv755Tz,植物妈妈儿童氨基酸洗面奶250ml,84226,植物妈妈,39.9,34.9,39.9,39.90,34.9,33.16,天猫超市,植物妈妈儿童洗面奶女孩男童青少年氨基酸控油洁面泡沫官方正品,氨基酸温和不辣眼  洗卸二合一,植物妈妈儿童氨基酸洗面奶250ml,http://img.alicdn.com/bao/uploaded/i1/6000000006815/O1CN01Dv7M2T20DK9dcgObe_!!6000000006815-0-sm.jpg,39￥ CZ3460 Xluc3ZWs0n1￥ https://m.tb.cn/h.g6hj2G6  植物妈妈儿童洗面奶女孩男童青少年氨基酸控油洁面泡沫官方正品,2万+,50014812,婴童用品,,38￥ CZ8908 rTzS3ZWs3W2￥ https://m.tb.cn/h.g6sOpuz  植物妈妈儿童洗面奶女孩男童青少年氨基酸控油洁面泡沫官方正品,否,,,,,,,,,,是,,5,满5.01减5,单品券,妈妈渠道券,,,,,否,,,,,,,,,
n50nXZdTMt3qom7YOXtN5OU0tP-zGGXXmNCoX0A4Nr0FJp,欢宝莲孕妇叶酸补水保湿面膜,84226,欢宝莲,305.9,29.9,305.9,309.90,29.9,,欢宝莲旗舰店,欢宝莲叶酸准孕妇补水面膜保湿清洁专用深层滋润面膜免洗孕妇可用,,欢宝莲孕妇叶酸补水保湿面膜,http://img.alicdn.com/bao/uploaded/i4/2267255003/O1CN018QnHc11mpQTgbhLra_!!0-item_pic.jpg,49￥ CZ0000 djYT3ZWHV0J￥ https://m.tb.cn/h.g6sOk8L  欢宝莲叶酸准孕妇补水面膜保湿清洁专用深层滋润面膜免洗孕妇可用,100+,50022517,孕妇装/孕产妇用品/营养,,28￥ CZ3460 BXzJ3ZWsk7S￥ https://m.tb.cn/h.gTztTBy  欢宝莲叶酸准孕妇补水面膜保湿清洁专用深层滋润面膜免洗孕妇可用,否,,,,,,,,,,是,,276,满300减276,单品券,妈妈渠道券,,,,,否,,,,,,,,,
b8AP6kBFgtoMxwzmgGUNWJsQt6-YQQmm0wUd2BPr28wIRZ,澳兰黛羊脂膏乳头霜热销万瓶,84226,AOCILENDA/澳の兰黛,39,29,39,168.00,29,,澳兰黛旗舰店,澳兰黛准孕妇乳头霜乳头膏羊脂膏保护羊毛脂霜护理滋润养护正品,滋润养护,澳兰黛羊脂膏乳头霜热销万瓶,http://img.alicdn.com/bao/uploaded/i4/2408090537/O1CN01QkyHKV1Fpzd3kns5j_!!0-item_pic.jpg,88￥ CZ0016 wxeJ3ZWsdEk￥ https://m.tb.cn/h.gTztTz0  澳兰黛准孕妇乳头霜乳头膏羊脂膏保护羊毛脂霜护理滋润养护正品,6万+,50022517,孕妇装/孕产妇用品/营养,,18￥ CZ3456 t4lh3ZWHell￥ https://m.tb.cn/h.g6hQLmq  澳兰黛准孕妇乳头霜乳头膏羊脂膏保护羊毛脂霜护理滋润养护正品,否,,,,,,,,,,是,,10,满39减10,单品券,妈妈渠道券,,,,,否,,,,,,,,,
jWPMk6VT0tJ5eP0q8gfJnzfJte-xGGjjDeCON6e0m0aFe,欢宝莲驱蚊液孕婴可用,84226,欢宝莲,29.9,26.9,29.9,205.90,26.9,,欢宝莲旗舰店,欢宝莲叮叮驱蚊液婴儿孕妇专用无毒儿童防蚊水蚊香液3件装,,欢宝莲驱蚊液孕婴可用,http://img.alicdn.com/bao/uploaded/i3/2267255003/O1CN014O7n4w1mpQTorQLQO_!!0-item_pic.jpg,07￥ CZ0012 ldwq3ZWIe76￥ https://m.tb.cn/h.gh7o4wR  欢宝莲叮叮驱蚊液婴儿孕妇专用无毒儿童防蚊水蚊香液3件装,100+,50014812,婴童用品,,28￥ CZ0000 nU1p3ZWsHtX￥ https://m.tb.cn/h.g6sOk8y  欢宝莲叮叮驱蚊液婴儿孕妇专用无毒儿童防蚊水蚊香液3件装,否,,,,,,,,,,是,,3,满29减3,单品券,妈妈渠道券,,,,,否,,,,,,,,,
60wzkBrI8tG72A0yz5irRbsot3-Q7755dZTbaD3Bp40io,Luki鲁奇儿童太阳镜小黄人联名款,84226,LUKI/鲁奇,219,209,219,269.00,209,197.43,鲁奇眼镜旗舰店,Luki鲁奇儿童太阳镜小黄人联名IP款3-6岁男女童墨镜UV400防紫外线,小黄人联名款，超萌配饰，强韧镜架,Luki鲁奇儿童太阳镜小黄人联名款,http://img.alicdn.com/bao/uploaded/i2/3252793071/O1CN01TsBXwC1YYZBOYoQij_!!0-item_pic.jpg,98￥ CA6496 lMIE3ZWs71I￥ https://m.tb.cn/h.g6sPFlH  Luki鲁奇儿童太阳镜小黄人联名IP款3-6岁男女童墨镜UV400防紫外线,200+,50008165,童装/婴儿装/亲子装,,07￥ CZ3458 NCYe3ZWHcGD￥ https://m.tb.cn/h.gTzHuCu  Luki鲁奇儿童太阳镜小黄人联名IP款3-6岁男女童墨镜UV400防紫外线,否,,,,,,,,,,是,,10,满199减10,店铺券,妈妈渠道券,,满299减20,店铺券,妈妈渠道券,是,,,满199减10,店铺券,全网公开券,,满299减20,店铺券,全网公开券
z4bRZ8Ofeta46dYnKeFYW3Sdt4-W00gg4ZfQZqjpWzacd3,不二宝贝水果奶酪星球桶,84226,不二宝贝,39.8,29.8,39.8,199.00,29.8,,不二宝贝旗舰店,不二宝贝溶豆水果奶酪星球桶儿童零食无添加蔗糖,【双11预售】不二宝贝溶豆水果奶酪星球桶,不二宝贝水果奶酪星球桶,http://img.alicdn.com/bao/uploaded/i2/2212478319537/O1CN01zduhQP2KK0FPCTiuW_!!0-item_pic.jpg,57￥ CZ3456 Dyvs3ZWITRj￥ https://m.tb.cn/h.g6hQm7M  不二宝贝溶豆水果奶酪星球桶儿童零食无添加蔗糖,5000+,35,奶粉/辅食/营养品/零食,,08￥ HU9196 QKCY3ZWIKI2￥ https://m.tb.cn/h.g6sPxMC  不二宝贝溶豆水果奶酪星球桶儿童零食无添加蔗糖,否,,,,,,,,,,是,,10,满36减10,单品券,妈妈渠道券,,,,,否,,,,,,,,,
wRWZqAQsgtDB9J3KeYi58oUbtd-N88PPnZSnOGbBVYbcpW,力诚3A鳕鱼肠儿童健康营养零食,84226,力诚,19.9,19.9,24.9,59.90,19.9,19.9,力诚食品旗舰店,力诚3A鳕鱼肠IQ鱼肠儿童健康营养鱼肉肠添加无零食送宝宝婴儿食谱,双重DHA+ARA+SA 营养更丰富,力诚3A鳕鱼肠儿童健康营养零食,http://img.alicdn.com/bao/uploaded/i3/2789388191/O1CN01pABsOD2ANX8eKDp6W_!!0-item_pic.jpg,57￥ CZ3452 6jlg3ZWIyhH￥ https://m.tb.cn/h.gh7LYKC  力诚3A鳕鱼肠IQ鱼肠儿童健康营养鱼肉肠添加无零食送宝宝婴儿食谱,1万+,35,奶粉/辅食/营养品/零食,,59￥ HU0854 4Jmh3ZWIivb￥ https://m.tb.cn/h.g6slYA7  力诚3A鳕鱼肠IQ鱼肠儿童健康营养鱼肉肠添加无零食送宝宝婴儿食谱,否,,,,,,,,,,是,,,满34减10,单品券,妈妈渠道券,,,,,是,,5,满24减5,单品券,全网公开券,,,,
z4bRZ87teta46dYnKeFYWDidt4-W00gg4ZfQr8vykZzco,不二宝贝高蛋白儿童黑猪肉午餐肉,84226,不二宝贝,32.8,24.8,32.8,99.00,24.8,,不二宝贝旗舰店,不二宝贝儿童黑猪肉午餐肉无添加早餐速熟食专用搭配宝宝辅食罐头,不二宝贝高蛋白儿童黑猪肉午餐肉,不二宝贝高蛋白儿童黑猪肉午餐肉,http://img.alicdn.com/bao/uploaded/i2/2212478319537/O1CN01z9qIc62KK0FN0KhLk_!!0-item_pic.jpg,67￥ HU7632 pivZ3ZWIxZY￥ https://m.tb.cn/h.gTztkS2  不二宝贝儿童黑猪肉午餐肉无添加早餐速熟食专用搭配宝宝辅食罐头,700+,35,奶粉/辅食/营养品/零食,,08￥ MF7997 hGSA3ZWsc9F￥ https://m.tb.cn/h.gh7o4Dc  不二宝贝儿童黑猪肉午餐肉无添加早餐速熟食专用搭配宝宝辅食罐头,否,,,,,,,,,,是,,8,满30减8,单品券,妈妈渠道券,,,,,是,,,满29减3,单品券,全网公开券,,,,
YDX4OqZUptXrbdYkZKTaQPI2t6-3YYyygVC0A4JX204Fk,植物妈妈驱蚊止痒膏6g×2个,84226,植物妈妈,29.9,24.9,29.9,29.90,24.9,23.66,天猫超市,植物妈妈紫草膏婴儿专用宝宝儿童蚊子蚊虫叮咬缓痒消包止痒膏正品,夏日防蚊止痒神器 一抹止痒消叮包,植物妈妈驱蚊止痒膏6g×2个,http://img.alicdn.com/bao/uploaded/i2/6000000002872/O1CN01bzJ4Pn1X5QT0BCzvR_!!6000000002872-0-sm.jpg,49￥ CZ0016 KybD3ZWIpWQ￥ https://m.tb.cn/h.gTzHWYK  植物妈妈紫草膏婴儿专用宝宝儿童蚊子蚊虫叮咬缓痒消包止痒膏正品,1万+,50014812,婴童用品,,78￥ CZ0001 jKYI3ZWIDfp￥ https://m.tb.cn/h.gTzHWYJ  植物妈妈紫草膏婴儿专用宝宝儿童蚊子蚊虫叮咬缓痒消包止痒膏正品,否,,,,,,,,,,是,,5,满5.01减5,单品券,妈妈渠道券,,,,,否,,,,,,,,,
250zOJ0cotgkaM09OyIKbDsDtD-JNNzzkZta5Pj4dkzU2,,84226,比逗仕,24.9,23.9,24.9,24.90,23.9,21.41,比逗仕食品旗舰店,比逗仕婴幼儿清清宝雪梨山楂味枇杷雪梨味宝宝婴标温和清润6个月+,婴幼儿标准,,http://img.alicdn.com/bao/uploaded/i3/3879913234/O1CN01slFaoT1ZlDmQFklYz_!!0-item_pic.jpg,28￥ MF1643 6sP73ZWIpjU￥ https://m.tb.cn/h.g6hjGBF  比逗仕婴幼儿清清宝雪梨山楂味枇杷雪梨味宝宝婴标温和清润6个月+,36,35,奶粉/辅食/营养品/零食,,59￥ CZ0015 OXy13ZWHRPC￥ https://m.tb.cn/h.gh7L4BS  比逗仕婴幼儿清清宝雪梨山楂味枇杷雪梨味宝宝婴标温和清润6个月+,否,,,,,,,,,,是,,1,满1.01减1,店铺券,妈妈渠道券,,,,,是,,,满100减5,店铺券,全网公开券,,,,
QDj9B8PsQtBRANgJ45uQ04HatQ-YQQmm0wUBor6r6P8c3,比逗仕有机进口婴标果泥宝宝6月+,84226,比逗仕,29.9,28.9,29.9,29.90,28.9,25.66,比逗仕食品旗舰店,比逗仕有机婴幼儿进口果泥儿童宝宝辅食苹果维生素C水果6月+袋装,双有机认证，婴标+中国有机，0添加,比逗仕有机进口婴标果泥宝宝6月+,http://img.alicdn.com/bao/uploaded/i1/3879913234/O1CN010NWm1F1ZlDoF89XP6_!!0-item_pic.jpg,29￥ CZ3456 deoj3ZWsWph￥ https://m.tb.cn/h.g6hjLJx  比逗仕有机婴幼儿进口果泥儿童宝宝辅食苹果维生素C水果6月+袋装,300+,35,奶粉/辅食/营养品/零食,,78￥ CZ0012 EMU63ZWIfHr￥ https://m.tb.cn/h.g6hQmio  比逗仕有机婴幼儿进口果泥儿童宝宝辅食苹果维生素C水果6月+袋装,否,,,,,,,,,,是,,1,满1.01减1,店铺券,妈妈渠道券,,,,,是,,,满100减5,店铺券,全网公开券,,,,
K4n95eOS3to8vDa75BUpvosJtW-7YYOOJmCwwB3oYWmt5,婴幼儿零食炭烧棒宝宝磨牙饼干,84226,不二宝贝,23.8,23.8,26.8,99.00,23.8,17.8,不二宝贝旗舰店,不二宝贝婴幼儿炭烧棒一岁宝宝儿童零食无添加蔗糖磨牙棒辅食饼干,,婴幼儿零食炭烧棒宝宝磨牙饼干,http://img.alicdn.com/bao/uploaded/i1/2212478319537/O1CN01yPtvoT2KK0F9284sf_!!0-item_pic.jpg,27￥ MF7997 s5br3ZWI2sf￥ https://m.tb.cn/h.gTztTA8  不二宝贝婴幼儿炭烧棒一岁宝宝儿童零食无添加蔗糖磨牙棒辅食饼干,5000+,35,奶粉/辅食/营养品/零食,,17￥ CZ3460 yXgK3ZWsS6q￥ https://m.tb.cn/h.g6hQLNt  不二宝贝婴幼儿炭烧棒一岁宝宝儿童零食无添加蔗糖磨牙棒辅食饼干,否,,,,,,,,,,是,,,满36减18,单品券,妈妈渠道券,,,,,是,,3,满15减3,单品券,全网公开券,,,,
qRd0YXmH2t4e8JxawQtRO0hWt0-vGGjj3aCBRDo8GV8H6,开心开来儿童夏季天丝短袖套装,84226,Kaxkal/开心开来,49.9,26.9,49.9,79.00,26.9,,开心开来旗舰店,开心开来儿童短袖2024夏季中大童天丝凉感男女童家居服套装空调服,自带凉感 轻柔亲肤 持久抗菌 高弹爽滑透气,开心开来儿童夏季天丝短袖套装,http://img.alicdn.com/bao/uploaded/i1/2216460978759/O1CN01D2yQCT2EZg5Dqg9Tg_!!0-item_pic.jpg,57￥ CZ3458 ivVf3ZWH9dO￥ https://m.tb.cn/h.g6sORSY  开心开来儿童短袖2024夏季中大童天丝凉感男女童家居服套装空调服,26,50008165,童装/婴儿装/亲子装,,97￥ CZ0002 oeZu3ZWsKuj￥ https://m.tb.cn/h.gTzHpJH  开心开来儿童短袖2024夏季中大童天丝凉感男女童家居服套装空调服,否,,,,,,,,,,是,,,满39减15,店铺券,妈妈渠道券,,满49减20,店铺券,妈妈渠道券,否,,,,,,,,,
oRJyXgqtrtKP7NDORbiANohntN-g66JJjyupKdJzVOBuGY,LUKI鲁奇儿童墨镜户外运动太阳镜,84226,LUKI/鲁奇,309.0,309,329,349.00,309,299.13,鲁奇眼镜旗舰店,Luki鲁奇儿童墨镜男女童运动太阳镜户外骑行防风护目镜大童3-11岁,①UV420②PC安全镜片③记忆镜架,LUKI鲁奇儿童墨镜户外运动太阳镜,http://img.alicdn.com/bao/uploaded/i4/3252793071/O1CN01zou5Tj1YYZHU55gEN_!!0-item_pic.jpg,17￥ HU0854 6Ym73ZWHpbq￥ https://m.tb.cn/h.g6hjDXK  Luki鲁奇儿童墨镜男女童运动太阳镜户外骑行防风护目镜大童3-11岁,32,50008165,童装/婴儿装/亲子装,,07￥ CA6496 BuTW3ZWspP0￥ https://m.tb.cn/h.gh7LDEW  Luki鲁奇儿童墨镜男女童运动太阳镜户外骑行防风护目镜大童3-11岁,否,,,,,,,,,,是,,,满199减10,店铺券,妈妈渠道券,,满299减20,店铺券,妈妈渠道券,是,,,满199减10,店铺券,全网公开券,20,满299减20,店铺券,全网公开券
P4V90xkF3t6pW5drY8iVjYtPt6-8YYnn6oC04AjOOJmhqX,,84226,,69.9,39.9,69.9,69.90,39.9,,巷子里的百货馆,儿童积木桌兼容乐高拼装益智玩具宝宝孩子3到6多功能游戏学习桌,,,http://img.alicdn.com/bao/uploaded/i3/2215873983728/O1CN01HT6q7Q1dPTUctEtHL_!!2215873983728.jpg,48￥ CZ0015 YkTT3ZWIRcE￥ https://m.tb.cn/h.g6sPxL6  儿童积木桌兼容乐高拼装益智玩具宝宝孩子3到6多功能游戏学习桌,200+,25,玩具/童车/益智/积木/模型,,68￥ CZ8908 QKyg3ZWHcZz￥ https://m.tb.cn/h.gh7LuHU  儿童积木桌兼容乐高拼装益智玩具宝宝孩子3到6多功能游戏学习桌,否,,,,,,,,,,是,,30,满69减30,单品券,妈妈渠道券,,满69减30,单品券,妈妈渠道券,否,,,,,,,,,
P4V90xwI3t6pW5drY8iVyNtPt6-BGG665ZCrzroVkwDUr,梵贞男士护肤品套装清洁,84226,梵贞,188.9,59.9,188.9,188.90,59.9,,梵贞旗舰店,梵贞男士护肤品套装清洁洁面乳补水保湿水乳面霜五件套C,,梵贞男士护肤品套装清洁,http://img.alicdn.com/bao/uploaded/i1/784483598/O1CN01AdQQIO1cRvx2Mp20r_!!0-item_pic.jpg,89￥ CZ3460 n5xz3ZWHoPc￥ https://m.tb.cn/h.gh7LkUf  梵贞男士护肤品套装清洁洁面乳补水保湿水乳面霜五件套C,600+,50022517,孕妇装/孕产妇用品/营养,,87￥ MF1643 4Mur3ZWHWe0￥ https://m.tb.cn/h.g6hQLn8  梵贞男士护肤品套装清洁洁面乳补水保湿水乳面霜五件套C,否,,,,,,,,,,是,,129,满129.01减129,单品券,妈妈渠道券,,,,,否,,,,,,,,,
yZ8kXxpTRt25JZN0VXtzwgcvtA-nGGoojBCxNadWepVsBg,红色小象夏季儿童面霜婴儿冰雪霜,84226,红色小象,30.9,25.9,30.9,199.00,25.9,22.15,红色小象旗舰店,红色小象儿童面霜婴儿宝宝霞多丽冰雪葡萄春夏季补水保湿霜润肤乳,一抹化水 夏季冰雪霜,红色小象夏季儿童面霜婴儿冰雪霜,http://img.alicdn.com/bao/uploaded/i2/2707252427/O1CN01gpXVaX1TncDgV3JuX_!!0-item_pic.jpg,49￥ HU0854 wKMt3ZWIO38￥ https://m.tb.cn/h.gh7LYJN  红色小象儿童面霜婴儿宝宝霞多丽冰雪葡萄春夏季补水保湿霜润肤乳,3万+,50014812,婴童用品,,58￥ HU9046 tPIH3ZWHc00￥ https://m.tb.cn/h.gh7MARu  红色小象儿童面霜婴儿宝宝霞多丽冰雪葡萄春夏季补水保湿霜润肤乳,否,,,,,,,,,,是,,5,满30减5,单品券,妈妈渠道券,,,,,否,,,,,,,,,
AGrw06mczt4OPq57QWtJoDUvtn-vGGjj3aCBXjWYGJJC6,LUKI儿童眼镜酷潮时尚墨镜男女童,84226,LUKI/鲁奇,239,229,239,279.00,229,216.83,鲁奇眼镜旗舰店,Luki鲁奇儿童墨镜大童太阳镜防紫外线防晒遮阳时尚大框眼镜男女童,①官方正品②专业儿童镜③PC防弹镜片,LUKI儿童眼镜酷潮时尚墨镜男女童,http://img.alicdn.com/bao/uploaded/i1/3252793071/O1CN01821b4d1YYZHIoBszs_!!0-item_pic.jpg,38￥ CZ3452 ZkfD3ZWHm1i￥ https://m.tb.cn/h.gh7o6YD  Luki鲁奇儿童墨镜大童太阳镜防紫外线防晒遮阳时尚大框眼镜男女童,18,50008165,童装/婴儿装/亲子装,,77￥ CZ0000 ME4o3ZWsW25￥ https://m.tb.cn/h.gh7odGB  Luki鲁奇儿童墨镜大童太阳镜防紫外线防晒遮阳时尚大框眼镜男女童,否,,,,,,,,,,是,,10,满199减10,店铺券,妈妈渠道券,,满299减20,店铺券,妈妈渠道券,是,,,满199减10,店铺券,全网公开券,,满299减20,店铺券,全网公开券
XDVMryxCGtXDgGkK9PTmBZSBtg-zGGXXmNCoN3GbPb3uJp,爱舒屋新生婴儿护臀膏5g,84226,akasugu/爱舒屋,69,39,69,69.00,39,,akasugu母婴旗舰店,Akasugu爱舒屋护臀膏婴儿宝宝专用新生儿红屁股护臀霜PP霜屁屁膏,隔离尿便 无氧化锌 轻薄好推开,爱舒屋新生婴儿护臀膏5g,http://img.alicdn.com/bao/uploaded/i4/4037043003/O1CN012ZwTEc1Y3QK4sW5hx_!!0-item_pic.jpg,48￥ CZ8908 ZAcj3ZWI5Ye￥ https://m.tb.cn/h.g6slxSc  Akasugu爱舒屋护臀膏婴儿宝宝专用新生儿红屁股护臀霜PP霜屁屁膏,1万+,50014812,婴童用品,,59￥ MF7997 aY5K3ZWH2Dk￥ https://m.tb.cn/h.gh7o4xB  Akasugu爱舒屋护臀膏婴儿宝宝专用新生儿红屁股护臀霜PP霜屁屁膏,否,,,,,,,,,,是,,30,满69减30,单品券,妈妈渠道券,,,,,是,,,满109减10,店铺券,全网公开券,,满69减10,单品券,全网公开券
n50nXZqTMt3qom7YOXtNxYt0tP-ammooDbtYe38JA7WIo,咕咕婴儿奶瓶1-2岁以上宝宝PPSU,84226,咕咕,99.9,29.9,99.9,99.90,29.9,,咕咕母婴旗舰店,咕咕奶瓶6个月以上12一岁大宝宝婴儿断奶吸管PPSU防胀气杯奶瓶,德国进口PPSU  超宽口72mm,咕咕婴儿奶瓶1-2岁以上宝宝PPSU,http://img.alicdn.com/bao/uploaded/i3/2204173029943/O1CN016nzsAD2NJx2ZUCcS1_!!0-item_pic.jpg,47￥ CZ3458 w1vs3ZWsQgv￥ https://m.tb.cn/h.g6hQ2J2  咕咕奶瓶6个月以上12一岁大宝宝婴儿断奶吸管PPSU防胀气杯奶瓶,2000+,50014812,婴童用品,,19￥ CZ0001 Eo8w3ZWsdSY￥ https://m.tb.cn/h.gh7oduS  咕咕奶瓶6个月以上12一岁大宝宝婴儿断奶吸管PPSU防胀气杯奶瓶,否,,,,,,,,,,是,,50,满99减50,单品券,妈妈渠道券,,,,,否,,,,,,,,,
